,recipe,calories,carbohydrate,sugar,protein,category,servings,high_traffic,calories_cat,carbohydrate_cat,sugar_cat,protein_cat
0,1,0.0,0.0,0.5335844440632207,0.0,8,3,0,3,3,3,3
1,2,-0.547989995994067,0.5105365416230758,-0.5861148197596795,-0.3941751446239777,9,2,0,3,3,3,3
2,3,1.3549365005467557,0.633687042295621,-0.2616822429906542,-0.3159784560143627,1,0,1,2,3,3,3
3,4,-0.41471151868172323,0.2714093558511433,4.483311081441923,-0.43008178735288255,0,2,0,3,3,0,3
4,5,-0.5662440587681214,-0.5867583320878792,-0.5674232309746329,-0.4097346898065031,0,2,1,3,3,3,3
5,6,0.8717776598854519,-0.5386339859512779,-0.4539385847797063,1.7207261121085176,7,1,0,2,3,3,0
6,7,-0.22651927719974452,0.7912120759228816,0.6275033377837116,1.4326750448833032,3,2,1,3,3,3,2
7,8,0.02293126035317167,-0.5473023464355105,-0.6208277703604805,0.8617594254937162,5,2,1,3,3,3,2
8,9,0.5412773513203338,-0.5290688985204005,-0.22429906542056072,-0.27967285058846997,8,3,0,2,3,3,3
9,10,-0.08719941968104114,0.8088477058735615,-0.1415220293724966,4.1113105924596045,2,1,1,3,3,3,1
10,11,-0.2564446802290961,-0.11507995815274252,-0.12683578104138854,-0.3945741073209655,0,0,1,3,3,3,3
11,12,-0.2874527678832433,-0.3948587655059035,0.6315086782376501,0.029922202274087373,1,3,1,3,3,3,3
12,13,-0.030141939954310745,0.060080705425197965,-0.465954606141522,-0.32834629962098544,9,2,0,3,3,3,3
13,14,-0.5701850308023776,-0.29801225526827085,0.7036048064085447,-0.04907241172950331,10,2,0,3,3,3,3
14,15,-0.15462901811331384,-0.4420863846958601,0.6608811748998665,0.17434669858368237,6,2,0,3,3,3,3
15,16,0.060413802063596846,-0.5628456135106861,-0.04939919893190922,2.7492519449431474,6,3,0,3,3,3,0
16,17,0.35884499204226794,-0.5861605141234494,-0.28037383177570085,2.0055854777578292,6,1,0,3,3,3,0
17,18,3.0472591838723297,-0.6390674039754894,-0.6221628838451269,0.8924795531617794,6,0,0,1,3,3,2
18,19,1.7370592120221302,-0.5030638170677029,-0.5821094793057409,-0.2916417314981049,6,3,0,0,3,3,3
19,20,-0.34862444918419716,0.18143775220445374,-0.472630173564753,-0.07540394973070019,2,1,1,3,3,3,3
20,21,-0.6047659777183505,-0.12075922881482586,0.41522029372496666,0.00039896269698782314,9,3,0,3,3,3,3
21,22,-0.537054881283631,1.9856523688536838,13.332443257676902,0.04508278475962493,4,2,1,3,2,1,3
22,23,-0.44567629895087857,-0.5473023464355105,0.38718291054739656,0.6080191502094553,1,2,1,3,3,3,3
23,24,0.0,0.0,0.5335844440632207,0.0,6,1,1,3,3,3,3
24,25,1.8902374327382179,-0.5963234195187566,0.5113484646194928,0.07061639736684618,1,0,0,0,3,3,3
25,26,-0.5029286619100723,0.026005081452697684,0.8451268357810415,0.957111510073808,7,2,0,3,3,3,2
26,27,0.2654959236923877,0.9033029442534749,3.034712950600801,2.3738280470775983,8,1,0,3,3,0,0
27,28,0.6197286792330262,-0.24988790913166942,-0.42857142857142855,0.1216836225812886,9,2,0,2,3,3,3
28,29,0.6644219005445904,1.231206097743237,-0.32176234979973295,-0.23299421504089368,9,1,0,2,3,3,3
29,30,-0.26805105940690543,0.36167986848004774,1.711615487316422,8.351885098743265,7,1,0,3,3,2,1
30,31,-0.1571408464428397,0.9319982065461065,0.1602136181575434,0.8585677239178137,8,1,0,3,3,3,2
31,32,0.7114537206457131,0.04842325511881635,3.708945260347129,1.3999601037303013,1,3,1,2,3,0,2
32,33,0.12669575479358616,-0.35809296069346885,0.11615487316421896,2.863754238978655,3,2,1,3,3,3,0
33,34,0.4517393328497342,-0.5981168734120461,-0.472630173564753,-0.31238779174147213,5,3,0,3,3,3,3
34,35,0.6216342041726666,-0.023015991630548484,-0.6475300400534044,-0.18192698982645122,1,3,0,2,3,3,3
35,36,1.1007438043372346,0.22776864444776568,0.6114819759679574,-0.3399162178336326,5,1,1,2,3,3,3
36,37,2.237324469755205,1.4523987445822744,0.3604806408544726,0.3474965090764014,1,0,1,0,2,3,3
37,38,-0.528350096900274,2.3416529666716484,-0.3244325767690253,0.19030520646319565,1,2,1,3,2,3,3
38,39,-0.0518172861427195,-0.5972201464654013,1.7877169559412551,0.8705366048274484,3,2,1,3,3,2,2
39,40,-0.5277871008953803,-0.5039605440143476,-0.6208277703604805,-0.19549172152403752,10,2,0,3,3,3,3
40,41,0.7210463064214024,-0.2188013749813182,0.7543391188251001,1.1526032315978454,3,3,0,2,3,3,2
41,42,0.0033563223368665187,-0.509639814676431,-0.5340453938584779,1.1905046878116896,1,2,1,3,3,3,2
42,43,0.6243625694271515,-0.49887909131669406,2.1188251001335114,-0.2597247157390784,7,1,1,2,3,0,3
43,44,-0.05723070926669772,-0.12016141085039604,-0.6301735647530039,3.042090564532216,3,2,1,3,3,3,0
44,45,-0.4856057079133419,-0.1354057689433568,-0.5714285714285713,0.01595850787951321,1,0,1,3,3,3,3
45,46,-0.4442471552461484,-0.2516813630249589,-0.4579439252336448,-0.29363654498304415,10,3,0,3,3,3,3
46,47,-0.4753851650552711,0.5287699895381857,4.604806408544726,-0.42409734689806505,0,2,1,3,3,0,3
47,48,-0.5297359332200124,0.7974891645493946,-0.06275033377837112,-0.11490125673249554,1,2,1,3,3,3,3
48,49,0.0,0.0,0.5335844440632207,0.0,3,2,1,3,3,3,3
49,50,3.1088206316382103,0.7185771932446571,-0.6648865153538049,1.5387991222820663,1,0,0,1,3,3,2
50,51,0.010415426090534094,-0.06934688387386043,0.5807743658210949,-0.3782166367444644,8,1,1,3,3,3,3
51,52,2.1458376189599733,-0.057390524585263836,-0.5300400534045393,0.29523239577099536,8,2,0,0,3,3,3
52,53,0.17052282840531383,2.0433418024211627,0.25500667556742324,2.4955116696588866,2,1,1,3,2,3,0
53,54,-0.46336736572003945,0.7768644447765655,1.5100133511348461,1.3704368641532014,8,2,0,3,3,3,2
54,55,-0.3400495869558157,0.35390823494246004,-0.4472630173564752,3.0444843407141433,8,3,0,3,3,3,0
55,56,3.970615939283046,0.13480795097892687,-0.6048064085447262,2.815479752643128,8,0,0,4,3,3,0
56,57,-0.5226768294663448,1.179195934837842,1.1708945260347128,0.0,10,2,0,3,3,3,3
57,58,-0.20954278228294881,-0.36795695710656107,-0.5874499332443257,2.229802513464991,3,0,1,3,3,3,0
58,59,-0.611327046544612,1.04468689284113,0.0734312416555407,-0.3462996209854378,5,3,0,3,3,3,3
59,60,0.20869828827560818,1.581228515916903,9.543391188251002,-0.34430480750049874,4,1,1,3,2,1,3
60,61,0.7111072615657786,1.4338663876849498,0.363150867823765,-0.3064033512866547,4,2,0,2,3,3,3
61,62,-0.21800937604885073,1.0171872664773578,0.6595460614152203,3.0037901456213847,7,2,1,3,3,3,0
62,63,-0.27824994857248037,0.626812135704678,-0.4606141522029372,1.3397167364851386,7,1,0,3,3,3,2
63,64,1.1358011324881176,2.0047825437154385,-0.6114819759679573,5.030520646319569,2,0,0,2,2,3,1
64,65,0.6012147721490209,-0.5906441488566732,-0.3351134846461949,-0.2617195292240176,6,2,0,2,3,3,3
65,66,-0.061106720223466165,-0.6268121357046779,-0.5086782376502001,-0.25014961101137045,4,0,1,3,3,3,3
66,67,-0.49104078472981605,-0.22746973546555077,0.7516688918558077,-0.40215439856373425,0,1,1,3,3,3,3
67,68,0.9293115208470925,1.4864743685547748,1.1975967957276366,-0.14761619788549774,1,2,1,2,2,3,3
68,69,1.7682405292162449,-0.44387983858914964,-0.16822429906542052,2.422102533413126,3,0,1,0,3,3,0
69,70,1.1061572274612128,0.049618891047675986,-0.22963951935914548,0.3570716138041093,7,0,1,2,3,3,3
70,71,-0.4082803720104371,2.2241817366611865,0.6875834445927903,4.141232794733692,5,2,1,3,2,3,1
71,72,4.8069465045526885,-0.10073232700642656,0.7409879839786382,2.929583083981648,2,2,1,4,3,3,0
72,73,-0.5420568842501868,-0.2507846360783142,-0.16688918558077437,-0.3474965090764014,0,0,1,3,3,3,3
73,74,0.00010826846247958894,-0.3282020624719773,0.5046728971962617,3.6596848194693794,7,2,1,3,3,3,1
74,75,0.06933512337191296,1.862501868181139,1.4939919893190918,-0.348294434470377,4,0,0,3,2,3,3
75,76,1.0363673765468857,0.09804214616649233,-0.5981308411214953,0.8086973867943347,9,2,0,2,3,3,2
76,77,0.582722518757511,0.4573307427888208,-0.2736982643524699,0.34909235986435266,7,0,0,2,3,3,3
77,78,-0.4829423037363447,-0.5622477955462563,-0.6648865153538049,-0.4105326152004788,4,1,1,3,3,3,3
78,79,1.0890508103894418,2.3024958900014947,0.10013351134846461,3.2200279273887893,1,0,1,2,2,3,0
79,80,-0.5817047952102032,0.4181736661186668,-0.3845126835781041,0.04069419509275881,1,0,0,3,3,3,3
80,81,-0.44820978097290043,0.346734419369302,-0.36181575433911883,0.01595850787951321,1,2,0,3,3,3,3
81,82,-0.48257419096391413,-0.4032282170079211,0.5580774365821095,0.14841412327947331,1,2,0,3,3,3,3
82,83,0.0,0.0,0.5335844440632207,0.0,6,2,0,3,3,3,3
83,84,1.2947175817156222,1.6900313854431324,1.514018691588785,-0.33632555356074206,1,1,1,2,2,3,3
84,85,-0.44039279798187586,0.2534748169182484,-0.5981308411214953,-0.2218232595252344,2,1,0,3,3,3,3
85,86,0.810346134274547,0.7810491705275743,-0.12950600801068088,-0.3355276281667664,6,0,0,2,3,3,3
86,87,-0.38006561068826267,0.05888506949633833,-0.6114819759679573,2.0458807101536007,6,2,0,3,3,3,0
87,88,0.18561545207496502,1.574652518308175,0.11481975967957281,-0.41571913026132057,5,1,1,3,2,3,3
88,89,-0.20653291902601698,-0.5078463607831416,-0.27236315086782376,1.440255336126072,1,2,0,3,3,3,2
89,90,0.0,0.0,0.5335844440632207,0.0,8,3,0,3,3,3,3
90,91,0.2161471584942022,-0.23344791510984905,0.8117489986648866,-0.3243566726511071,1,3,1,3,3,3,3
91,92,-0.39340428526574495,-0.6157525033627261,0.29773030707610154,-0.20466786355475766,10,2,0,3,3,3,3
92,93,-0.5495274081612768,-0.3287998804364071,0.9719626168224299,-0.08657490524635945,1,3,1,3,3,3,3
93,94,-0.3783116615960937,0.48094455238379913,-0.5126835781041388,0.41930979453421097,3,2,1,3,3,3,3
94,95,1.1655749596699978,3.701688835749514,0.19092122830440594,-0.30959505286255734,9,2,0,2,0,3,3
95,96,0.14743999220467066,-0.6049917800029891,6.598130841121495,-0.41172950329144226,0,2,1,3,3,1,3
96,97,-0.4330305425332655,-0.21431774024809444,5.643524699599467,-0.20466786355475766,4,0,0,3,3,1,3
97,98,3.88281021621212,-0.4002391271857719,-0.0360480640854472,0.7053660482744862,7,1,0,4,3,3,3
98,99,-0.33942162987343416,0.23015991630548496,0.10680907877169557,-0.09495312188310395,1,1,0,3,3,3,3
99,100,0.8308738347606726,2.0125541772530267,0.16822429906542052,0.4025533612607221,5,1,1,2,2,3,3
100,101,-0.04794127518595106,1.1047675982663279,-0.11481975967957268,0.0063834031518053115,2,2,1,3,3,3,3
101,102,-0.1939521236858916,1.978777462262741,-0.6221628838451269,1.129862357869539,10,2,0,3,2,3,2
102,103,-0.26709829693708526,-0.3957554924525482,-0.6208277703604805,-0.3311390384999003,3,2,1,3,3,3,3
103,104,1.7049251323581958,-0.5323568973247647,1.341789052069426,1.3891881109116295,6,2,0,0,3,3,2
104,105,0.2709310005088618,-0.02032581079061425,0.09345794392523367,1.7287053660482743,1,0,1,3,3,3,0
105,106,0.2334701124909325,-0.1383948587655059,-0.34312416555407205,-0.42010771992818674,0,0,0,3,3,3,3
106,107,1.0338772019098557,-0.36018532356897326,-0.5647530040053403,2.2306004388589664,6,0,1,2,3,3,0
107,108,-0.1989324729599515,-0.5739052458526379,0.5433911882510012,-0.34430480750049874,10,0,0,3,3,3,3
108,109,0.70177452010004,0.5102376326408607,0.6688918558077437,-0.2054657889487333,4,3,0,2,3,3,3
109,110,-0.27549992962549946,0.3207293379166044,0.280373831775701,-0.18791143028126872,5,2,0,3,3,3,3
110,111,-0.5230665959312712,0.09684651023763259,-0.3898531375166889,0.0,1,2,1,3,3,3,3
111,112,0.26224786981800075,0.2941264384994769,1.1722296395193592,0.760422900458807,6,0,0,3,3,3,3
112,113,0.932126500871561,0.8336571513973994,-0.5113484646194927,-0.2026730500698185,9,2,0,2,3,3,3
113,114,-0.4585818996784427,0.817814975340009,2.3898531375166887,-0.23618591661679636,6,1,0,3,3,0,3
114,115,-0.23972802962225134,-0.3231206097743237,-0.37917222963951935,-0.31039297825653306,5,1,0,3,3,3,3
115,116,-0.566872015850503,-0.4875205499925273,-0.3551401869158878,-0.2533413125872731,10,2,0,3,3,3,3
116,117,0.0,0.0,0.5335844440632207,0.0,3,3,0,3,3,3,3
117,118,-0.17084763379275253,0.8333582424151845,-0.5460614152202937,-0.34510273289447435,1,2,1,3,3,3,3
118,119,-0.562389701503849,0.30100134509042,4.447263017356476,-0.28845002992220226,4,1,1,3,3,0,3
119,120,0.3348743544492924,-0.15782394260947544,0.7076101468624832,-0.43048075004987035,10,2,0,3,3,3,3
120,121,1.7894394941697436,0.2980122552682708,1.0640854472630172,-0.37781767404747657,6,1,0,0,3,3,3
121,122,0.0,0.0,0.5335844440632207,0.0,4,1,0,3,3,3,3
122,123,0.20796206273074708,-0.5843670602301599,0.47396528704939916,-0.39656892080590467,0,0,1,3,3,3,3
123,124,-0.5405411257754729,-0.25646390674039754,0.8371161548731643,2.3431079194095354,3,0,1,3,3,3,0
124,125,5.6677673960352095,-0.5368405320579884,-0.4218958611481976,6.71932974266906,8,3,0,4,3,3,1
125,126,-0.23414137695830586,-0.35390823494246004,0.2429906542056075,0.19110313185717132,1,2,0,3,3,3,3
126,127,0.0767623398980111,1.7247048273800627,-0.4472630173564752,-0.15040893676441253,7,2,0,3,2,3,3
127,128,1.455561209575263,5.062322522791811,-0.12283044058744992,3.435467783762218,7,2,0,2,0,3,0
128,129,-0.46737329883178336,0.5057539979076371,-0.09078771695594122,-0.13405146618791144,1,2,1,3,3,3,3
129,130,0.5204464991392657,-0.08459124196682116,-0.23230974632843787,-0.18990624376620788,9,2,1,2,3,3,3
130,131,-0.2122711475374338,-0.5652368853684053,-0.5994659546061415,-0.36784360662278076,0,3,1,3,3,3,3
131,132,-0.2781849874949926,-0.2173068300702436,0.6902536715620828,-0.2788749251944943,9,2,0,3,3,3,3
132,133,-0.4220954278228295,-0.5302645344492602,3.2523364485981308,-0.24655894673847997,4,2,0,3,3,0,3
133,134,1.4528761517057698,-0.5105365416230757,5.2723631508678235,0.05266307600239371,4,0,1,2,3,1,3
134,135,-0.39907755269967415,0.6913764758630997,0.009345794392523402,-0.31557949331737484,10,2,0,3,3,3,3
135,136,-0.3737427324794561,4.027798535345988,0.3805073431241656,1.54917215240375,7,2,0,3,0,3,2
136,137,0.0,0.0,0.5335844440632207,0.0,7,1,0,3,3,3,3
137,138,-0.5727401665168953,1.140337767149903,-0.6328437917222964,5.235587472571314,3,2,0,3,3,3,1
138,139,-0.4168119268538268,0.9104767598266327,-0.32042723631508674,0.09056453221623777,1,3,0,3,3,3,3
139,140,-0.5953249677901324,2.1085039605440143,-0.5554072096128171,1.3612607221224817,7,0,0,3,2,3,2
140,141,-0.6156794387362905,-0.5386339859512779,0.7850467289719626,-0.40135647316975864,0,3,1,3,3,3,3
141,142,-0.5723937074369608,1.3612315050067252,1.1241655540720963,-0.11889088370237384,1,3,1,3,3,3,3
142,143,-0.4203847861156524,0.13450904199671201,2.502002670226969,-0.37143427089567127,4,2,0,3,3,0,3
143,144,-0.5338501347942359,-0.28336571513973996,0.8878504672897195,-0.3782166367444644,0,0,1,3,3,3,3
144,145,0.01812414061907908,-0.5996114183231207,0.8144192256341789,0.5741073209654897,1,1,0,3,3,3,3
145,146,-0.06580557149507918,-0.41697803018980717,-0.514018691588785,1.177737881508079,2,3,1,3,3,3,2
146,147,-0.12769182464839818,0.5514870721865192,-0.5287049399198932,-0.1651705565529623,9,2,0,3,3,3,3
147,148,2.7704816863895716,-0.17904648034673443,0.02403204272363159,1.6927987233193693,2,0,1,1,3,3,0
148,149,-0.17879453893875258,1.2066955612016144,-0.28838451268357806,0.1456213844005585,2,2,0,3,3,3,3
149,150,0.0,0.0,0.5335844440632207,0.0,9,1,0,3,3,3,3
150,151,-0.004352392191678467,-0.011358541324166761,-0.46995994659546053,-0.2673050069818472,1,3,0,3,3,3,3
151,152,0.04945703366066493,0.6492303093707966,-0.5233644859813084,-0.2968282465589468,10,0,0,3,3,3,3
152,153,-0.2372595086777173,-0.5123299955163653,1.6341789052069424,0.30680231398364244,10,2,0,3,3,2,3
153,154,-0.035165596613362514,1.5414736212823192,0.35113484646194926,-0.4193097945342111,0,1,1,3,2,3,3
154,155,-0.21681842296157558,0.3829024062173068,0.06675567423230974,-0.3052064631956912,1,2,0,3,3,3,3
155,156,1.1874884964758619,0.33896278583171424,7.208277703604806,-0.41811290644324756,0,1,1,2,3,1,3
156,157,-0.44940073406017567,-0.6315946794201166,-0.5046728971962616,-0.3834031518053062,0,2,1,3,3,3,3
157,158,1.0355878436170327,-0.23554027798535349,0.4299065420560747,0.2812687013764213,5,3,1,2,3,3,3
158,159,0.1015125104208395,0.0717381557315797,-0.30440587449933243,1.0923598643526828,10,3,0,3,3,3,2
159,160,1.0584757965852127,2.3987445822746976,-0.33778371161548726,-0.22661081188908838,4,2,0,2,0,3,3
160,161,0.14081396230092133,-0.2588551785981169,-0.5380507343124165,-0.17594254937163378,7,0,0,3,3,3,3
161,162,1.2354730790468045,1.5447616200866834,1.2750333778371161,-0.2992220227408737,4,3,0,2,2,3,3
162,163,1.4014702857204726,-0.3808100433418024,-0.3551401869158878,2.4368641532016753,3,1,1,2,3,3,0
163,164,0.19774151987267627,-0.22537737259004634,-0.5981308411214953,1.31178934769599,2,2,0,3,3,3,2
164,165,-0.5844981215421761,0.029293080257061736,0.6688918558077437,-0.386195890684221,0,3,1,3,3,3,3
165,166,-0.2326689258685838,-0.42295620983410553,-0.3538050734312416,3.721125074805505,3,0,0,3,3,3,1
166,167,-0.5688858092526229,-0.6381706770288448,-0.3751668891855807,0.7101536006383403,3,3,1,3,3,3,3
167,168,-0.6152680185788681,6.503661635032133,1.934579439252336,-0.2808697386794335,4,0,0,3,1,2,3
168,169,1.6378203393133617,0.08548796891346583,0.0734312416555407,-0.24496309595052865,3,2,1,0,3,3,3
169,170,0.689843335534792,0.045434165296667155,4.6021361815754345,0.6124077398763215,1,2,0,2,3,0,3
170,171,0.30906315299416426,-0.2029591989239277,-0.11748998664886513,0.8773189706762416,7,1,0,3,3,3,2
171,172,-0.4600760044606607,-0.22507846360783143,0.472630173564753,-0.38898862956313585,0,2,1,3,3,3,3
172,173,-0.41096542987993034,-0.42445075474518007,1.5367156208277701,-0.38499900259325753,0,2,1,3,3,3,3
173,174,-0.23392484003334668,-0.27140935585114334,2.616822429906542,-0.2282066626770397,4,1,0,3,3,0,3
174,175,-0.5889154748113423,-0.4728740098639964,1.2496662216288383,0.3646519050468781,1,3,0,3,3,3,3
175,176,0.20419432023645834,-0.5410252578089972,5.229639519359146,-0.4165170556552963,0,1,1,3,3,1,3
176,177,1.3634464016976497,-0.2531759079360335,0.35113484646194926,4.452024735687213,3,2,1,2,3,3,1
177,178,-0.3779652025161591,2.7550440890748766,-0.26034712950600797,0.6207859565130659,5,2,1,3,0,3,3
178,179,0.10387276290289395,-0.6106710506650724,-0.4218958611481976,-0.22262118491921007,5,1,1,3,3,3,3
179,180,0.26372032090772274,0.19757883724405917,-0.2069425901201602,4.709355675244365,3,2,0,3,3,3,1
180,181,-0.5278737156653639,-0.2860558959796742,0.3845126835781041,-0.3881907041691602,9,3,0,3,3,3,3
181,182,0.6331323148879964,0.0502167090121058,2.1281708945260345,-0.206263714342709,4,3,0,2,3,0,3
182,183,0.8897285709645638,1.0512628904498582,-0.246995994659546,-0.29204069419509276,10,2,0,2,3,3,3
183,184,-0.49099747734482424,-0.4543416529666716,-0.5781041388518025,0.18591661679632954,10,2,1,3,3,3,3
184,185,-0.48928683563764713,0.07412942758929908,0.1602136181575434,0.7991222820666266,7,3,1,3,3,3,2
185,186,2.118164199950197,3.96652219399193,-0.5954606141522029,-0.41252742868541786,5,2,0,0,0,3,3
186,187,0.4914088975022466,-0.4662980122552683,1.1001335113484645,0.1260722122481548,5,0,0,2,3,3,3
187,188,0.0,0.0,0.5335844440632207,0.0,8,2,0,3,3,3,3
188,189,-0.23102324523889436,0.34553878344044237,5.289719626168225,-0.21224815479752643,4,2,0,3,3,1,3
189,190,0.5221354871539469,0.06785233896278582,-0.369826435246996,0.19988031119090363,1,0,0,2,3,3,3
190,191,2.255773415761723,-0.5933343296966075,0.1789052069425901,2.3742270097745863,6,2,1,0,3,3,0
191,192,0.774336043653844,0.018532356897324794,4.578104138851803,0.23658487931378414,4,3,1,2,3,0,3
192,193,2.0686855125970363,1.5928859662232848,-0.5740987983978638,-0.10373030121683628,5,1,1,0,2,3,3
193,194,0.45290863224451344,-0.5305634434314751,1.842456608811749,-0.1081188908837024,3,1,0,3,3,2,3
194,195,-0.045559369011400716,-0.16410103123598865,0.096128170894526,-0.3929782565330142,4,0,1,3,3,3,3
195,196,0.10333142059049613,0.4752652817217158,0.1975967957276369,0.49152204268900856,5,0,0,3,3,3,3
196,197,-0.15688100213288875,-0.4050216709012106,-0.514018691588785,5.61899062437662,2,3,1,3,3,3,1
197,198,-0.02273637712070851,-0.3476311463159468,1.0520694259012016,0.6363455016955915,3,3,0,3,3,3,3
198,199,0.7632926604809284,0.1646988492004184,-0.5300400534045393,0.37502493516856167,6,0,1,2,3,3,3
199,200,-0.5115251778309498,-0.5571663428486027,-0.2790387182910547,3.0883702373828044,6,2,0,3,3,3,0
200,201,-0.4305403678962355,-0.3183380660588851,-0.37249666221628835,-0.2505485737083583,10,1,0,3,3,3,3
201,202,-0.37803016359364683,-0.2672246301001346,-0.5887850467289719,-0.11450229403550771,10,3,0,3,3,3,3
202,203,0.7784502452280674,-0.0657599760872814,-0.6488651535380506,0.9766606822262118,1,1,1,2,3,3,2
203,204,-0.48155646741660624,-0.3296966073830519,-0.5313751668891855,-0.0793935767005785,7,1,0,3,3,3,3
204,205,-0.06543745872264875,-0.4860260050814527,0.4245660881174901,0.7281069220027927,1,0,0,3,3,3,3
205,206,-0.01045873347552588,0.37572859064414876,-0.45660881174899864,-0.3941751446239777,5,3,0,3,3,3,3
206,207,0.5698169180299472,-0.608877596771783,0.11348464619492664,6.9970077797725905,8,2,0,2,3,3,1
207,208,-0.5793878501131405,-0.6043939620385592,0.6341789052069426,-0.398164771593856,0,0,1,3,3,3,3
208,209,-0.6027088769312388,0.6919742938275296,1.694259012016021,0.10811889088370233,8,2,0,3,3,2,3
209,210,0.0,0.0,0.5335844440632207,0.0,4,1,0,3,3,3,3
210,211,1.8981410304992261,-0.6378717680466298,-0.09212283044058737,-0.046279672850588476,9,0,0,0,3,3,3
211,212,0.04666370732869225,0.8100433418024211,3.9999999999999996,1.1697586275683223,8,2,0,3,3,0,2
212,213,0.0,0.0,0.5335844440632207,0.0,4,2,0,3,3,3,3
213,214,1.142665353009322,-0.4800478254371544,0.42590120160213624,1.0640335128665468,6,0,0,2,3,3,2
214,215,0.02332102681809812,-0.35570168883574954,-0.3404539385847797,4.576102134450429,2,3,0,3,3,3,1
215,216,-0.018232409081558668,-0.6091765057539978,0.3377837116154873,-0.4085378017155396,0,1,1,3,3,3,3
216,217,-0.5695787274124922,0.5727096099237783,-0.45126835781041386,-0.30081787352882505,5,1,0,3,3,3,3
217,218,2.1732295399673034,2.024211627559408,1.224299065420561,2.7620187512467584,3,2,0,0,2,3,0
218,219,-0.26441323906759207,-0.626214317740248,3.288384512683578,-0.236983842010772,4,3,0,3,3,0,3
219,220,2.2561631822266497,-0.33298460618741593,0.022696929238985305,2.6638739277877517,3,0,1,0,3,3,0
220,221,0.7301841646546777,0.05679270662083391,0.9265687583444593,0.5980450827847595,1,1,0,2,3,3,3
221,222,0.0,0.0,0.5335844440632207,0.0,4,0,1,3,3,3,3
222,223,-0.520641382371729,-0.48871618592138694,-0.6355140186915887,-0.4105326152004788,5,2,0,3,3,3,3
223,224,-0.4887238396327534,0.2540726348826782,-0.08544726301735643,1.1909036505086772,3,2,1,3,3,3,2
224,225,-0.2093045916654938,-0.06546106710506655,0.05874499332443263,-0.2828645521643727,9,2,0,3,3,3,3
225,226,-0.33509089137425163,-0.47825437154386485,-0.6154873164218958,1.873528825054857,8,3,0,3,3,3,0
226,227,5.228435628985633,-0.4507547451800926,-0.3845126835781041,0.694195092758827,8,3,0,4,3,3,3
227,228,-0.3546008683130691,4.108205051561799,-0.4392523364485981,0.4895272292040694,1,0,0,3,0,3,3
228,229,-0.624514145274623,-0.1004334180242116,0.8144192256341789,3.0536604827448635,5,1,0,3,3,3,0
229,230,0.22775353767201154,0.5314601703781198,-0.4966622162883845,0.26251745461799314,2,0,1,3,3,3,3
230,231,0.28078343059450217,0.31684352114781045,1.9666221628838452,-0.4193097945342111,0,0,1,3,3,2,3
231,232,-0.08826045061334088,0.33896278583171424,-0.06408544726301729,-0.02952323957709955,10,1,0,3,3,3,3
232,233,-0.17578467568182066,-0.28187117022866537,2.267022696929239,-0.41571913026132057,0,2,1,3,3,0,3
233,234,0.5091649253488952,-0.5828725153190853,-0.5781041388518025,1.2268102932375822,3,3,0,2,3,3,2
234,235,0.7332156816041054,0.4029293080257062,4.866488651535381,0.21344504288848984,4,3,1,2,3,1,3
235,236,0.1485443305219622,0.5437154386489315,-0.3751668891855807,1.1103131857171356,3,2,1,3,3,3,2
236,237,0.42103439689052974,0.9639814676431027,0.1975967957276369,-0.2928386195890684,4,3,0,3,3,3,3
237,238,-0.2813031192144041,0.7242564639067404,-0.05206942590120156,3.206064232994215,3,1,1,3,3,3,0
238,239,0.6347779955176858,-0.2989089822149156,0.3858477970627504,0.11330540594454418,2,2,0,2,3,3,3
239,240,0.6604592748178382,6.627409953669107,-0.5941255006675568,-0.32874526231797324,2,1,1,2,1,3,3
240,241,0.5440057165748189,-0.19847556419070395,1.6341789052069424,0.428884899261919,7,1,1,2,3,2,3
241,242,1.0901334950142374,1.0354207143924676,-0.34445927903871826,-0.3203670456812288,9,2,0,2,3,3,3
242,243,2.731938113746847,1.535794350620236,-0.4753004005340453,1.1781368442050666,3,2,0,1,2,3,2
243,244,0.7911176553381765,2.699745927365117,-0.0013351134846461665,-0.4165170556552963,9,3,0,2,0,3,3
244,245,-0.27742710825763567,-0.30219698101927966,-0.5941255006675568,-0.4213046080191502,9,3,0,3,3,3,3
245,246,0.10595151738250166,0.1942908384396951,-0.37249666221628835,0.3291442250149611,9,1,0,3,3,3,3
246,247,-0.4689756720764809,-0.13570467792557164,-0.5473965287049398,-0.29642928386195894,10,1,0,3,3,3,3
247,248,0.5498738672412113,-0.43491256912270215,2.8184245660881175,0.7528426092160383,5,2,1,2,3,0,3
248,249,-0.17253662180743373,0.32461515468539837,0.31508678237650206,-0.1747456612806703,2,3,1,3,3,3,3
249,250,0.0,0.0,0.5335844440632207,0.0,2,3,1,3,3,3,3
250,251,1.0392906250338338,-0.5727096099237783,-0.04539385847797061,0.015559545182525385,2,2,1,2,3,3,3
251,252,-0.34541970269480204,0.8994171274846808,0.3484646194926569,-0.18950728106922005,5,2,0,3,3,3,3
252,253,-0.5294977426025573,-0.43431475115827234,-0.5100133511348465,-0.33632555356074206,10,2,0,3,3,3,3
253,254,-0.10651451338739538,1.0533552533253623,1.732977303070761,-0.4256931976860163,0,0,1,3,3,2,3
254,255,0.15255026363370613,-0.5927365117321777,-0.5260347129506007,0.38898862956313585,2,2,0,3,3,3,3
255,256,1.2511070450288535,0.7054251980272006,0.35914552736982647,2.140833832036704,7,0,1,2,3,3,0
256,257,0.8535452508038933,0.2953220744283365,0.08678237650200271,-0.28805106722521445,9,1,0,2,3,3,3
257,258,0.6204215973928956,1.4485129278134805,-0.5166889185580774,-0.3590664272890485,10,0,0,2,3,3,3
258,259,-0.35208903998354324,-0.4074129427589299,0.04405874499332444,-0.39776580889686813,0,1,1,3,3,3,3
259,260,0.8364604874246181,-0.5631445224929009,-0.18825100133511344,-0.3806104129263914,10,1,0,2,3,3,3
260,261,0.803936641295757,-0.34673441936930205,0.12283044058744992,-0.2381807301017355,1,3,1,2,3,3,3
261,262,-0.326797527148317,5.073382155133762,-0.40053404539385845,-0.21823259525234392,9,1,0,3,0,3,3
262,263,0.0,0.0,0.5335844440632207,0.0,2,2,1,3,3,3,3
263,264,0.3764710977339411,-0.5377372590046332,0.22162883845126838,-0.3937761819269898,10,3,0,3,3,3,3
264,265,0.1609735500146162,0.393065311612614,-0.514018691588785,-0.13245561539996012,8,1,0,3,3,3,3
265,266,0.7320247285168303,-0.32162606486324913,-0.07743658210947932,-0.19549172152403752,9,0,0,2,3,3,3
266,267,0.31934865692972286,-0.4130922134210133,2.3030707610146863,0.4879313784161181,6,2,0,3,3,0,3
267,268,3.202537812760521,-0.34434314751158274,-0.1188251001335113,2.377817674047477,8,2,0,1,3,3,0
268,269,0.2759979645529054,-0.5870572410700942,1.7276368491321759,-0.3746259724715739,8,0,0,3,3,2,3
269,270,-0.5525805788032004,0.36287550440890737,1.8678237650200264,0.0973468980650309,1,2,1,3,3,2,3
270,271,0.3655143293310092,-0.2612464504558362,-0.029372496662216255,0.42409734689806494,3,2,0,3,3,3,3
271,272,0.3191537736972597,1.1110446868928412,4.594125500667557,0.015160582485537562,4,0,0,3,3,0,3
272,273,0.6573411430984268,0.18113884322223878,-0.2777036048064085,0.4420506682625174,5,2,1,2,3,3,3
273,274,-0.007665407143553199,-0.5762965177103573,1.4365821094793059,-0.400558547775783,0,2,1,3,3,3,3
274,275,1.234520316576984,-0.49050963981467643,0.32309746328437916,-0.35747057650109715,5,0,0,2,3,3,3
275,276,0.6690990981237075,-0.0547003437453296,0.1522029372496663,-0.1663674446439258,5,3,0,2,3,3,3
276,277,-0.6231716163398764,-0.5852637871768047,-0.17222963951935916,-0.428884899261919,10,1,0,3,3,3,3
277,278,0.3547740978530364,2.023912718577193,-0.1762349799732977,0.3159784560143626,7,2,1,3,2,3,3
278,279,0.0,0.0,0.5335844440632207,0.0,5,2,0,3,3,3,3
279,280,0.24213158948929764,0.06785233896278582,-0.37917222963951935,-0.09016556951925,1,1,1,3,3,3,3
280,281,0.0,0.0,0.5335844440632207,0.0,6,0,0,3,3,3,3
281,282,0.26296244167036587,-0.23524136900313855,-0.4125500667556742,-0.08098942748852986,10,2,0,3,3,3,3
282,283,-0.5562833602200017,-0.4800478254371544,0.21895861148197604,0.09774586076201872,10,3,0,3,3,3,3
283,284,-0.37636282927146153,0.3350769690629203,0.6635514018691588,3.058448035108717,8,3,0,3,3,3,0
284,285,-0.47148750040600673,0.16499775818263338,0.8184245660881174,-0.4225014961101137,0,2,1,3,3,3,3
285,286,2.4832454554312875,1.6126139590494695,1.6074766355140184,-0.4165170556552963,5,0,0,0,2,2,3
286,287,-0.5967324578023667,0.21521446719473916,0.8931909212283045,-0.4065429882306005,0,2,1,3,3,3,3
287,288,0.1783614650888343,-0.4432820206247198,-0.06675567423230974,0.0466786355475763,5,0,1,3,3,3,3
288,289,-0.5476651906066283,-0.5667314302794799,1.890520694259012,-0.4236983842010772,0,0,1,3,3,2,3
289,290,-0.14191830061821298,0.13480795097892687,0.3297730307076101,0.03550768003191697,6,2,0,3,3,3,3
290,291,-0.10534521399261611,0.8862651322672247,16.867823765020024,-0.2960303211649711,4,1,0,3,3,1,3
291,292,0.1962041077054665,-0.49887909131669406,-0.6208277703604805,-0.22062637143427094,3,2,1,3,3,3,3
292,293,3.4435217565475353,-0.6181437752204454,0.3404539385847797,3.1202872531418313,3,0,0,1,3,3,0
293,294,0.26497623507248574,0.05051561799432076,-0.5353805073431241,0.3407141432276082,6,3,1,3,3,3,3
294,295,-0.1005814016435153,-0.44238529367807505,-0.6408544726301735,0.7588270496708557,8,2,0,3,3,3,3
295,296,-0.2816928856793305,-0.02570617247048272,0.16688918558077437,-0.24137243167763817,10,1,0,3,3,3,3
296,297,0.4315797451360393,3.60902705126289,0.021361815754339136,-0.3873927787751845,9,3,0,3,0,3,3
297,298,0.0,0.0,0.5335844440632207,0.0,5,3,1,3,3,3,3
298,299,-0.5687125797126555,-0.6175459572560156,-0.2336448598130841,1.354877318970676,3,2,1,3,3,3,2
299,300,2.142459642930611,-0.5180092661784487,-0.6355140186915887,-0.12607221224815482,8,0,0,0,3,3,3
300,301,-0.4423416303065081,-0.49050963981467643,0.5233644859813085,-0.41571913026132057,0,0,1,3,3,3,3
301,302,0.011498110715329737,-0.30040352712599017,-0.2523364485981308,-0.39178136844205064,10,1,0,3,3,3,3
302,303,1.300737308229486,-0.24032282170079214,-0.45927903871829096,-0.32794733692399763,7,1,1,2,3,3,3
303,304,-0.26300574905535773,-0.41189657749215364,3.4285714285714284,0.08258527827648109,4,3,1,3,3,0,3
304,305,-0.23624178513040942,-0.18801374981318192,-0.37650200267022693,-0.3299421504089368,9,0,0,3,3,3,3
305,306,0.7823046024923401,0.004782543715438653,-0.4485981308411215,-0.4256931976860163,6,1,0,2,3,3,3
306,307,3.0709266697703628,0.09296069346883871,0.04005340453938582,1.1462198284460403,6,2,0,1,3,3,2
307,308,0.2544308868269762,3.1905544761620086,1.8064085447263014,0.16995810891681626,1,1,1,3,0,2,3
308,309,-0.4647748557322738,0.4056194888656403,-0.39519359145527366,0.15479752643127861,10,3,0,3,3,3,3
309,310,0.6333488518129553,0.5093409056942162,-0.6608811748998665,2.8745262317973266,3,0,0,2,3,3,0
310,311,1.3427021642865649,0.6292034075623972,-0.5126835781041388,1.409535208458009,8,2,0,2,3,3,2
311,312,0.43840065827225183,0.3724405918397847,0.13751668891855812,-0.21344504288848995,4,2,1,3,3,3,3
312,313,1.6557712503924733,-0.28246898819309524,1.5473965287049398,-0.23459006582884503,7,1,0,0,3,3,3
313,314,-0.4360620594826933,-0.24719772829173514,-0.6221628838451269,5.905046878116895,6,2,1,3,3,3,1
314,315,-0.3308467676450527,0.0,0.3858477970627504,-0.1396369439457411,3,2,1,3,3,3,3
315,316,-0.3383605989411345,0.8608578687789568,-0.42323097463284376,0.4823459006582884,1,2,1,3,3,3,3
316,317,-0.2637852819852106,-0.17157375579136153,-0.09479305740987984,6.3427089567125465,6,2,0,3,3,3,1
317,318,-0.4251485984647533,-0.3870871319683157,-0.6421895861148197,0.13325354079393575,5,2,0,3,3,3,3
318,319,0.39920747485464964,-0.3826034972350919,-0.4192256341789051,0.1707560343107919,6,2,0,3,3,3,3
319,320,0.26088368719075816,1.4975340008967268,0.09078771695594133,4.582485537602234,3,1,0,3,2,3,1
320,321,-0.5560668232950424,-0.1425795845165147,-0.5380507343124165,0.4923199680829842,1,0,1,3,3,3,3
321,322,-0.45979450645821385,2.085487968913466,0.1428571428571429,-0.30041891083183725,4,2,0,3,2,3,3
322,323,-0.06677998765739535,3.571364519503811,0.588785046728972,-0.08098942748852986,1,3,0,3,0,3,3
323,324,-0.5176315191147971,1.3498729636825586,-0.04806408544726294,1.696788350289248,1,2,1,3,3,3,0
324,325,1.0458083864751038,2.2283664624121955,-0.4753004005340453,-0.13085976461200882,4,2,0,2,2,3,3
325,326,0.9306540497818391,-0.1455686743386639,0.4659546061415219,-0.2505485737083583,2,2,1,2,3,3,3
326,327,0.0,0.0,0.5335844440632207,0.0,9,2,0,3,3,3,3
327,328,1.1039918582116215,-0.616350321327156,-0.6074766355140186,-0.4149212048673449,10,2,0,2,3,3,3
328,329,0.5908859608284702,-0.28844716783739355,0.527369826435247,7.122681029323758,8,3,0,2,3,3,1
329,330,0.5722637852819853,0.5401285308623524,-0.19225634178905204,1.5056852184320764,9,2,0,2,3,3,2
330,331,0.8582007946905146,0.5858616051412344,-0.4072096128170894,-0.3718332335926591,0,1,1,2,3,3,3
331,332,1.4760672563688926,4.655208489015095,-0.43391188251001334,-0.1739477358866946,5,1,0,2,0,3,3
332,333,-0.5797559628855711,0.37184277387535497,0.05206942590120168,0.3087971274685816,5,2,0,3,3,3,3
333,334,0.5909076145209663,0.6510237632640861,-0.6555407209612817,3.4099341711549966,3,3,1,2,3,3,0
334,335,0.5271807975054946,0.30727843371693325,-0.4819759679572763,0.28565729104328746,5,2,0,2,3,3,3
335,336,-0.2947717159468619,-0.2800777163353759,-0.623497997329773,-0.2090564532216238,7,1,1,3,3,3,3
336,337,1.2316403754750278,1.371992228366462,-0.010680907877169568,-0.3191701575902653,4,2,1,2,3,3,3
337,338,-0.32575814990851315,-0.5314601703781199,0.025367156208277754,2.1049271893077997,2,2,0,3,3,3,0
338,339,0.4199950196507259,0.14138394858765507,0.03204272363150871,0.32435667265110707,9,2,0,3,3,3,3
339,340,0.0,3.61082050515618,6.024032042723632,-0.41212846598843006,4,2,1,3,0,1,3
340,341,2.0849690893539625,-0.27499626363772234,-0.651535380507343,-0.40734091362457614,5,2,0,0,3,3,3
341,342,-0.5736279679092278,2.4223583918696754,1.224299065420561,2.011569918212647,7,2,0,3,0,3,0
342,343,-0.38424477333997387,0.4803467344193692,0.2069425901201602,9.127069618990623,5,1,1,3,3,3,1
343,344,1.4502127475287725,0.8530862352413691,-0.5433911882510014,-0.06104129263913828,1,3,0,2,3,3,3
344,345,-0.3336184402845296,0.7179793752802272,4.2763684913217626,-0.4229004588071016,2,2,1,3,3,0,3
345,346,-0.21889717744118317,0.7813480795097891,1.5020026702269693,2.713345302214243,8,0,0,3,3,3,0
346,347,-0.3851325747323063,1.1155283216260647,5.377837116154873,-0.3818073010173549,4,3,0,3,3,1,3
347,348,0.27623615517036043,-0.5395307128979226,-0.5340453938584779,-0.02712946339517261,2,3,0,3,3,3,3
348,349,1.9718935071403052,0.5822746973546555,-0.4672897196261682,0.7472571314582086,8,3,0,0,3,3,3
349,350,-0.4206879378105952,10.807950978926916,0.1241655540720962,1.1494115300219427,9,0,0,3,1,3,2
350,351,-0.5260331518032113,-0.18353011507995817,-0.23765020026702266,-0.34470377019748655,1,3,0,3,3,3,3
351,352,0.0,0.0,0.5335844440632207,0.0,9,2,0,3,3,3,3
352,353,1.0666608923486678,-0.5251830817516067,-0.6221628838451269,0.42329942150408933,8,2,0,2,3,3,3
353,354,1.6384482963957432,-0.4890150949036018,-0.4352469959946595,2.3893875922601238,6,2,1,0,3,3,0
354,355,0.0,0.0,0.5335844440632207,0.0,8,2,0,3,3,3,3
355,356,2.2718188019011945,-0.5272754446271111,0.4579439252336449,-0.3929782565330142,10,3,0,0,3,3,3
356,357,4.317854552147505,-0.5075474518009266,-0.1188251001335113,0.8134849391581886,7,2,0,4,3,3,2
357,358,-0.06320712839556966,-0.042743984456732914,-0.21361815754339114,3.206064232994215,6,2,0,3,3,3,0
358,359,-0.12418392646406033,-0.18831265879539683,0.25500667556742324,2.3917813684420506,2,0,0,3,3,3,0
359,360,-0.3293310091703388,0.28725153190853386,-0.3538050734312416,-0.1607819668860962,9,1,0,3,3,3,3
360,361,1.2160930242629624,-0.5655357943506203,-0.47129506008010674,-0.05944544185118692,5,3,0,2,3,3,3
361,362,1.5575501012310125,-0.5395307128979226,0.09746328437917229,1.9321763415120683,3,2,0,0,3,3,0
362,363,0.5050290700821757,1.6407114033776715,1.012016021361816,-0.08697386794334735,9,3,0,2,2,3,3
363,364,-0.5996990136743068,0.5248841727693917,1.1829105473965287,-0.26890085776979855,4,2,1,3,3,3,3
364,365,-0.04441172330911727,1.680466298012255,-0.349799732977303,-0.39577099541192895,0,1,1,3,2,3,3
365,366,0.49415891644922744,-0.2358391869675684,-0.2790387182910547,1.5715140634350688,3,2,1,2,3,3,0
366,367,-0.5490943343113586,-0.1374981318188612,-0.06809078771695591,0.12926391382405739,10,2,0,3,3,3,3
367,368,-0.35843357188484576,5.41563293976984,1.4619492656875832,-0.10612407739876321,4,3,0,3,1,3,3
368,369,0.6276322769940343,-0.36018532356897326,-0.0867823765020026,-0.09734689806503097,3,0,0,2,3,3,3
369,370,-0.19273951690612046,-0.37004931998206547,0.4165554072096128,-0.027927388789148255,6,3,0,3,3,3,3
370,371,1.9859250998776568,-0.5589597967418921,-0.5086782376502001,3.9545182525433873,6,3,1,0,3,3,1
371,372,-0.06192956053831084,-0.07622179046480348,0.004005340453938618,-0.41771394374625975,10,3,0,3,3,3,3
372,373,0.0,0.0,0.5335844440632207,0.0,10,1,0,3,3,3,3
373,374,1.2748394920043742,-0.14526976535644895,4.2723631508678235,0.4105326152004787,8,2,0,2,3,0,3
374,375,0.021956844190855616,-0.6067852338962786,0.8571428571428572,-0.4296828246558947,0,3,1,3,3,3,3
375,376,-0.049457033660665055,-0.29293080257061727,0.8878504672897195,-0.3993616596848195,10,1,0,3,3,3,3
376,377,0.0,0.0,0.5335844440632207,0.0,8,3,0,3,3,3,3
377,378,-0.2302653660015374,-0.2935286205350471,-0.5527369826435247,2.519050468781169,3,2,0,3,3,3,0
378,379,-0.11398503729848536,0.6492303093707966,4.83177570093458,-0.26052264113305407,4,0,0,3,3,1,3
379,380,-0.46048742461808306,0.030787625168136334,0.41789052069425897,0.2728904847396768,6,3,0,3,3,3,3
380,381,0.3155809144354341,1.2879988043640709,-0.28571428571428564,-0.14522242170357072,9,1,0,3,3,3,3
381,382,2.3261695700659355,0.14138394858765507,-0.4152202937249666,4.573309395571514,3,2,1,0,3,3,1
382,383,-0.027261998852354367,0.2528769989538186,1.0907877169559415,-0.1320566527029723,2,0,0,3,3,3,3
383,384,0.9096499680608036,0.7161859213869376,-0.06675567423230974,8.422501496110113,3,3,0,2,3,3,1
384,385,0.10867988263698666,1.454491107457779,-0.5967957276368491,0.10213445042888485,2,2,1,3,2,3,3
385,386,-0.46204649047778873,-0.4492602002690181,0.472630173564753,-0.40175543586674645,0,1,0,3,3,3,3
386,387,-0.42991241081385406,1.1567777611717234,1.397863818424566,0.2728904847396768,1,2,1,3,3,3,3
387,388,-0.6201834067754405,-0.040950530563443464,-0.6528704939919893,-0.37422700977458606,0,2,1,3,3,3,3
388,389,0.0,0.0,0.5335844440632207,0.0,5,2,0,3,3,3,3
389,390,-0.07139222415902471,0.7762666268121358,-0.4632843791722296,-0.23459006582884503,10,2,0,3,3,3,3
390,391,-0.06218940484826181,2.0272007173815574,-0.45927903871829096,-0.1915020945541592,1,2,1,3,2,3,3
391,392,-0.3864751036670529,-0.520400538036168,0.5407209612817089,-0.07660083782166367,9,3,0,3,3,3,3
392,393,0.3723135887747258,-0.07891197130473772,1.5901201602136181,1.6437263115898664,2,2,1,3,3,3,0
393,394,-0.5237811677836364,-0.5015692721566284,1.076101468624833,0.9766606822262118,2,0,1,3,3,3,2
394,395,-0.5145133873953857,0.46928710207741736,-0.6074766355140186,0.0015958507879512925,1,0,1,3,3,3,3
395,396,-0.4278769637192383,-0.19279629352862057,0.03604806408544732,0.338719329742669,1,0,0,3,3,3,3
396,397,-0.4854541320658705,-0.3048871618592139,0.9906542056074767,0.40175543586674645,9,2,0,3,3,3,3
397,398,3.8170912594870243,-0.5685248841727694,-0.3911882510013351,2.346698583682426,2,1,0,4,3,3,0
398,399,-0.34700042224700367,-0.20116574503063817,-0.27236315086782376,0.2210253341312587,8,2,0,3,3,3,3
399,400,-0.46919220900144,0.29771334628605595,-0.4953271028037383,0.8637542389786556,3,1,1,3,3,3,2
400,401,0.10861492155949887,1.1496039455985652,0.9626168224299065,0.7947336923997605,1,2,1,3,3,3,2
401,402,0.7477453092688631,-0.16051412344940968,-0.34445927903871826,-0.14163175743068027,5,3,1,2,3,3,3
402,403,0.006690990981237021,-0.5786877895680765,5.040053404539385,0.00997406742469579,1,3,1,3,3,1,3
403,404,-0.34990201704145607,-0.07084142878493502,1.7516688918558079,-0.4236983842010772,0,2,1,3,3,2,3
404,405,-0.3191754273897557,1.391720221192647,-0.47663551401869153,-0.1536006383403152,6,2,0,3,3,3,3
405,406,0.0,0.0,0.5335844440632207,0.0,10,2,0,3,3,3,3
406,407,-0.25707263731147756,0.6259154087580332,-0.4098798397863818,0.8098942748852982,6,2,0,3,3,3,2
407,408,-0.05729567034418552,-0.5583619787774623,0.48464619492656874,-0.4276880111709555,0,3,1,3,3,3,3
408,409,1.6994684018492257,-0.3933642205948289,1.4766355140186913,-0.1057251147017754,5,2,1,0,3,3,3
409,410,-0.3896148890789602,-0.23314900612763415,0.22296395193591453,-0.421703570716138,0,1,1,3,3,3,3
410,411,0.19509976938817486,0.49379763861904047,0.04539385847797061,0.528226610811889,6,3,1,3,3,3,3
411,412,0.7122982146530538,-0.2032581079061426,0.6448598130841122,-0.3064033512866547,4,3,0,2,3,3,3
412,413,-0.1095243766443273,-0.5419219847556419,-0.5126835781041388,-0.21543985637342908,10,3,0,3,3,3,3
413,414,-0.298214653053712,2.891047675982663,-0.5740987983978638,-0.18073010173548776,9,2,0,3,0,3,3
414,415,0.6803373645290863,0.1957853833507697,-0.2843791722296395,-0.19948134849391586,1,0,1,2,3,3,3
415,416,0.39022119246884573,0.4220594828874608,-0.4085447263017356,0.39337721923000196,6,2,0,3,3,3,3
416,417,0.7873932202288794,0.9478403826034971,3.0881174899866486,-0.32714941153002197,1,3,1,2,3,0,3
417,418,0.9248508601929343,-0.37363622776864447,-0.411214953271028,-0.3937761819269898,10,2,0,2,3,3,3
418,419,3.338414733172374,-0.5248841727693918,-0.4299065420560747,1.3540793935767004,3,0,0,1,3,3,2
419,420,0.5367300758961921,-0.37692422657300856,-0.3965287049399199,1.10392978256533,3,2,0,2,3,3,2
420,421,-0.4211859727380011,-0.4875205499925273,-0.5834445927903872,-0.43048075004987035,0,1,1,3,3,3,3
421,422,0.09449671405216371,0.130922134210133,-0.5353805073431241,0.37701974865350085,6,2,0,3,3,3,3
422,423,-0.1040026850578695,-0.05918397847855329,0.07877169559412547,-0.33353281468182727,8,2,0,3,3,3,3
423,424,-0.1931725907560387,0.04184725751008814,3.6915887850467293,-0.42489527229204066,0,1,1,3,3,0,3
424,425,-0.4596429306107424,2.933791660439396,-0.6194926568758344,0.27887492519449425,5,2,0,3,0,3,3
425,426,2.1103688706516683,-0.488417276939172,1.5340453938584777,3.577099541192898,6,1,0,0,3,3,1
426,427,-0.21900544590366275,-0.07054251980272006,10.937249666221629,-0.2517454617993218,4,3,1,3,3,1,3
427,428,0.0,0.0,0.5335844440632207,0.0,10,2,0,3,3,3,3
428,429,2.9411777443348526,2.3802122253773725,-0.30440587449933243,0.1623778176740474,6,0,0,1,0,3,3
429,430,-0.28087004536448584,-0.051711253923180406,1.0160213618157543,-0.029124276880111724,1,2,1,3,3,3,3
430,431,-0.59941751567186,-0.11687341204603198,0.13618157543391193,-0.3945741073209655,0,2,1,3,3,3,3
431,432,0.24566114136613143,0.7798535345987146,-0.6261682242990654,-0.43008178735288255,0,3,1,3,3,3,3
432,433,1.5405086452367291,0.45344492602002684,0.08144192256341794,0.23618591661679625,3,2,0,2,3,3,3
433,434,-0.5188657795870641,1.3211777013899269,-0.4579439252336448,-0.04987033712347895,6,2,0,3,3,3,3
434,435,0.047573162413520505,-0.2672246301001346,-0.24566088117489984,-0.36704568122880515,3,3,1,3,3,3,3
435,436,0.0358152073882398,0.014945449110745777,3.411214953271028,0.03949730700179527,5,2,0,3,3,0,3
436,437,0.9477388131611143,0.6348826782244806,-0.4579439252336448,0.33472970277279074,7,3,0,2,3,3,3
437,438,2.6317248248757625,-0.23882827678971752,-0.03471295060080104,-0.35507680031917016,3,3,1,1,3,3,3
438,439,-0.2959410153416412,-0.42056493797638617,0.13885180240320427,1.1745461799321764,7,2,0,3,3,3,2
439,440,-0.3777919729761918,-0.18980720370647136,-0.4325767690253671,1.109116297626172,2,0,0,3,3,3,2
440,441,0.01530916059461038,0.02959198923927659,3.2937249666221624,-0.12128465988430084,4,3,0,3,3,0,3
441,442,0.5420568842501867,-0.4376027499626364,0.2536715620827771,1.3209654897267105,7,1,1,2,3,3,2
442,443,-0.39035111462382127,1.1794948438200565,0.3658210947930574,1.781767404747656,7,2,0,3,3,3,0
443,444,0.9272977274449724,0.10312359886414585,-0.23097463284379172,0.21184919210053854,6,3,0,2,3,3,3
444,445,-0.09315418511741717,-0.4949932745479002,2.3618157543391183,2.8561739477358867,2,3,1,3,3,0,0
445,446,0.18578868161493242,-0.18801374981318192,0.5567423230974634,-0.3315380011968881,4,1,0,3,3,3,3
446,447,-0.3525004601409656,-0.36765804812434616,-0.6021361815754339,2.973070017953321,3,1,0,3,3,3,0
447,448,0.35503394216298734,-0.5565685248841729,0.5941255006675568,0.23857969279872332,2,1,1,3,3,3,3
448,449,0.2493422690904366,-0.5831714243013003,1.1869158878504673,-0.3877917414721724,1,2,1,3,3,3,3
449,450,-0.31239782163853497,0.5425198027200718,0.5020026702269693,0.15120686215838816,8,2,0,3,3,3,3
450,451,-0.22907441291426225,15.21267374084591,0.10013351134846461,-0.23099940155595455,9,2,0,3,1,3,3
451,452,2.715329731602482,-0.201763562995068,0.08811748998664888,0.762816676640734,5,2,0,1,3,3,3
452,453,0.15724911490531926,0.0011956359288596368,-0.22296395193591453,0.33592659086375415,5,3,1,3,3,3,3
453,454,-0.5182811298896746,4.556867433866389,-0.20293724966622162,-0.19309794534211053,1,1,1,3,0,3,3
454,455,-0.5853426155495166,0.0251083545060529,0.012016021361815735,0.3020147616197885,9,3,0,3,3,3,3
455,456,0.0,0.0,0.5335844440632207,0.0,8,3,0,3,3,3,3
456,457,-0.00400593311174393,0.2522791809893888,-0.30040053404539385,0.6890085776979852,1,2,0,3,3,3,3
457,458,1.100418998949796,0.6985502914362577,-0.3591455273698264,-0.29363654498304415,9,2,0,2,3,3,3
458,459,-0.06329374316555335,2.067553429980571,-0.16688918558077437,2.9926191901057253,7,0,0,3,2,3,0
459,460,0.946851011768782,0.6037961440741294,-0.472630173564753,-0.12048673449032517,9,3,0,2,3,3,3
460,461,1.929235732923357,-0.6327903153489763,1.1548731642189585,-0.37422700977458606,7,2,0,0,3,3,3
461,462,0.13152452822017477,-0.4573307427888208,-0.41789052069425897,0.5737083582685019,10,1,0,3,3,3,3
462,463,1.3060424628909848,-0.5523837991331639,-0.010680907877169568,0.8202673050069818,1,2,0,2,3,3,2
463,464,-0.21497785909942294,-0.3568973247646092,0.18958611481975968,-0.4173149810492719,0,3,1,3,3,3,3
464,465,-0.3897015038489439,0.005679270662083433,-0.6421895861148197,0.017554358667464572,10,0,0,3,3,3,3
465,466,-0.5126295161482413,0.11806904797489162,-0.5580774365821094,1.272691003391183,7,1,1,3,3,3,2
466,467,-0.5211177636066391,-0.5165147212673742,0.8985313751668891,-0.3937761819269898,0,3,1,3,3,3,3
467,468,-0.5616101685739961,-0.6023015991630548,8.141522029372497,-0.32874526231797324,4,3,0,3,3,1,3
468,469,-0.566114136613146,0.03437453295471525,-0.016021361815754354,-0.43087971274685816,0,0,1,3,3,3,4
469,470,1.001764775938417,4.240023912718578,1.156208277703605,0.741671653700379,5,3,1,2,0,3,3
470,471,2.12974892543551,-0.5484979823643701,-0.5767690253671562,0.5840813883901855,3,0,1,0,3,3,3
471,472,2.064203198250382,-0.4624121954864744,0.7089452603471295,0.04747656094155194,8,2,0,0,3,3,3
472,473,0.48253088357892227,-0.4549394709311015,0.28304405874499333,-0.16676640734091364,4,2,0,2,3,3,3
473,474,-0.47817849138724383,-0.3123598864145868,0.03604806408544732,1.1805306203869939,8,0,0,3,3,3,2
474,475,0.14176672477074148,-0.18293229711552836,2.926568758344459,2.128465988430082,3,1,0,3,3,0,0
475,476,-0.5057869493195328,-0.5308623524136901,0.29506008010680906,-0.3877917414721724,10,2,0,3,3,3,3
476,477,0.5740826954516418,-0.5628456135106861,-0.4472630173564752,-0.1133054059445442,10,2,0,2,3,3,3
477,478,-0.5634723861286447,1.3397100582872514,-0.5714285714285713,-0.026730500698184716,5,3,1,3,3,3,3
478,479,0.557690850232236,0.1389926767299357,-0.2510013351134846,0.3439058448035109,2,3,0,2,3,3,3
479,480,0.5126078624557452,1.2249290091167242,-0.5046728971962616,0.0019948134849391156,5,0,0,2,3,3,3
480,481,0.22952914045667638,0.881183679569571,-0.3471295060080106,2.2182325952523443,2,0,1,3,3,3,0
481,482,0.22606454965733028,2.4504558361978774,-0.010680907877169568,-0.388589666866148,10,3,0,3,0,3,3
482,483,1.3689031322066196,-0.34583769242265733,4.487316421895861,-0.4165170556552963,4,2,0,2,3,0,3
483,484,-0.17299134934984792,-0.18741593184875205,-0.4606141522029372,0.06503091960901651,3,1,1,3,3,3,3
484,485,-0.13572534456438187,-0.45703183380660584,-0.2777036048064085,-0.31557949331737484,2,0,1,3,3,3,3
485,486,-0.3234195511189546,-0.041249439545658316,1.7823765020026698,-0.27328944743666467,1,2,0,3,3,2,3
486,487,-0.6084687591351515,0.9777312808249885,-0.5527369826435247,0.13484939158188705,5,0,0,3,3,3,3
487,488,2.179790608793565,0.39725003736362285,-0.5740987983978638,6.400159585078795,6,1,0,0,3,3,1
488,489,-0.533590290484285,-0.587356150052309,-0.31642189586114816,0.025134649910233352,1,2,1,3,3,3,3
489,490,0.11097517404155344,-0.5580630697952474,-0.2696929238985314,-0.4213046080191502,0,2,1,3,3,3,3
490,491,-0.5646633392159198,0.11209086833059333,1.6728971962616819,-0.4292838619589069,0,2,1,3,3,2,3
491,492,-0.4465641003432111,-0.15065012703631742,-0.2923898531375167,0.21623778176740466,1,1,1,3,3,3,3
492,493,-0.5924233729956802,0.4654012853086234,1.4232309746328438,-0.43048075004987035,0,2,1,3,3,3,3
493,494,0.6353626452150754,-0.39426094754147367,3.2176234979973293,-0.41372431677638144,0,2,1,2,3,0,3
494,495,-0.5244740859435055,-0.0968465102376327,-0.6542056074766355,-0.36784360662278076,10,2,0,3,3,3,3
495,496,1.9258577568939945,0.8001793453893289,-0.5700934579439252,0.2992220227408737,8,1,0,0,3,3,3
496,497,-0.06149648668839261,0.04752652817217157,8.874499332443257,-0.3024137243167764,4,1,0,3,3,1,3
497,498,0.13438281562963525,1.5486474368554775,1.6982643524699597,-0.3518850987432675,4,2,0,3,2,2,3
498,499,0.39437870142806103,-0.5610521596173965,-0.15086782376502,0.8218631557949331,1,0,1,3,3,3,2
499,500,0.09627231683682856,-0.06097743237184274,-0.5821094793057409,0.06662677039696788,6,0,0,3,3,3,3
500,501,-0.6241676861946884,-0.4869227320280974,-0.5460614152202937,-0.3706363455016956,0,2,1,3,3,3,3
501,502,1.2874635947294912,1.4745180092661785,0.24032042723631505,3.3193696389387592,2,3,1,2,2,3,0
502,503,1.7799118694715417,0.19399192945748014,-0.14552736982643522,0.7121484141232793,7,2,0,0,3,3,3
503,504,0.5212260320691186,2.367956957106561,0.11081441922563419,-0.047875523638539835,10,2,0,2,0,3,3
504,505,-0.30891157714669304,0.27081153788671347,0.45660881174899876,-0.398164771593856,0,2,1,3,3,3,3
505,506,-0.02895098686703551,-0.4803467344193693,0.3805073431241656,-0.40175543586674645,3,1,1,3,3,3,3
506,507,1.229604928380412,0.9502316544612166,0.8785046728971964,-0.17554358667464592,10,2,0,2,3,3,3
507,508,-0.5430962614899907,0.4023314900612763,1.1829105473965287,0.5904647915419908,1,2,1,3,3,3,3
508,509,-0.3306518844125895,0.07203706471379466,0.978638184245661,0.16317574306802313,9,0,0,3,3,3,3
509,510,-0.3227049792665895,0.15124794500074723,-0.26301735647530033,-0.15838819070416918,3,2,1,3,3,3,3
510,511,-0.15369790933598956,-0.3900762217904648,0.29506008010680906,2.6997805705166567,3,2,1,3,3,3,0
511,512,0.1996470448123166,0.07891197130473772,-0.29906542056074764,-0.15080789946140039,9,2,0,3,3,3,3
512,513,-0.6088152182150862,-0.5084441787475714,0.8771695594125499,-0.0019948134849391863,10,2,0,3,3,3,3
513,514,-0.6183644966057837,-0.34882678224480645,3.141522029372496,0.33153800119688803,3,0,1,3,3,0,3
514,515,-0.5547459480527918,-0.5972201464654013,1.15086782376502,0.05146618791143025,1,0,0,3,3,3,3
515,516,0.3788746576009874,-0.4869227320280974,1.6769025367156205,-0.41412327947336924,0,0,1,3,3,2,3
516,517,-0.052878317075019256,0.5251830817516066,-0.2777036048064085,0.48833034111310586,2,2,0,3,3,3,3
517,518,-0.12747528772343905,-0.32162606486324913,0.0921228304405875,-0.37741871135048877,10,2,0,3,3,3,3
518,519,-0.2744388986931997,-0.13988940367658048,3.405874499332443,-0.4252942349890285,0,2,1,3,3,0,3
519,520,-0.3242423914337993,-0.25616499775818263,1.276368491321762,-0.4292838619589069,0,0,1,3,3,3,3
520,521,0.1623160789493628,0.06097743237184274,-0.6074766355140186,2.7005784959106323,3,0,0,3,3,3,0
521,522,0.6765479683423016,5.210581377970409,0.02670226969292392,0.49112307999202065,7,2,0,2,0,3,3
522,523,0.355380401242922,-0.00597817964429829,0.9452603471295061,5.342509475364053,3,1,0,3,3,3,1
523,524,-0.46289098448512933,-0.5532805260798088,0.33377837116154874,-0.40295232395770997,0,3,1,3,3,3,3
524,525,0.5425549191775928,-0.23972500373636224,-0.5634178905206942,0.10333133851984838,3,2,0,2,3,3,3
525,526,-0.42235527213278046,0.5320579883425497,-0.3311081441922563,0.5138639537203271,1,2,1,3,3,3,3
526,527,0.44327273908383225,-0.5493947093110148,0.05073431241655539,0.26132056652702973,1,1,1,3,3,3,3
527,528,-0.6017344607689227,-0.5727096099237783,-0.6635514018691588,2.498304408537802,8,3,0,3,3,3,0
528,529,-0.19891081926745563,-0.5855626961590196,-0.47663551401869153,-0.3586674645920606,3,3,1,3,3,3,3
529,530,0.34654569470458946,4.797489164549395,4.194926568758344,0.04907241172950323,7,3,0,3,0,0,3
530,531,0.0,0.0,0.5335844440632207,0.0,10,0,0,3,3,3,3
531,532,-0.3353074282992108,0.8590644148856672,-0.6608811748998665,0.8741272691003391,3,3,1,3,3,3,2
532,533,0.5330056407868953,-0.6124645045583621,-0.6315086782376501,-0.30440853780171556,9,0,0,2,3,3,3
533,534,-0.4586035533709386,-0.6226274099536692,5.762349799732978,-0.4229004588071016,0,2,1,3,3,1,3
534,535,0.0,0.0,0.5335844440632207,0.0,2,1,0,3,3,3,3
535,536,0.8677500730812121,-0.488417276939172,-0.5233644859813084,0.07660083782166367,10,2,0,2,3,3,3
536,537,1.2798631486634258,-0.6411597668509939,0.4392523364485981,-0.11849192100538601,3,2,0,2,3,3,3
537,538,-0.3694119939802735,-0.13062322522791814,0.2162883845126836,-0.38499900259325753,0,1,1,3,3,3,3
538,539,0.0,0.0,0.5335844440632207,0.0,10,2,0,3,3,3,3
539,540,-0.44112902352673694,0.16290539530712897,5.112149532710281,-0.011170955515659331,4,3,1,3,3,1,3
540,541,-0.49355261305934195,3.5719623374682405,19.185580774365818,-0.21025334131258727,4,0,1,3,0,1,3
541,542,0.4860820891482519,-0.5768943356747871,-0.6568758344459279,1.5296229802513466,5,1,0,2,3,3,2
542,543,-0.5139720450829879,0.5523837991331639,0.4085447263017356,0.2996209854378615,9,2,0,3,3,3,3
543,544,-0.13462100624709034,-0.24032282170079214,-0.6141522029372496,1.0732096548972672,9,2,0,3,3,3,2
544,545,-0.18490088022259998,-0.1455686743386639,6.579439252336448,-0.40734091362457614,0,2,1,3,3,1,3
545,546,0.0,0.0,0.5335844440632207,0.0,3,3,0,3,3,3,3
546,547,2.352998495068372,-0.08040651621581232,3.0413885180240317,0.7500498703371234,6,1,1,0,3,0,3
547,548,3.089830343319295,0.6928710207741742,0.2162883845126836,0.8848992619190104,8,2,0,1,3,3,2
548,549,2.494808527224105,0.27230608279778806,0.09746328437917229,0.79114302812687,5,3,0,0,3,3,2
549,550,0.4002901594794453,-0.34583769242265733,-0.42857142857142855,-0.1687612208258528,9,2,0,3,3,3,3
550,551,1.3828048027889954,-0.640561948886564,-0.4432576769025367,0.05944544185118685,9,2,0,2,3,3,3
551,552,-0.10880980479196214,-0.6357794051711254,0.5847797062750334,-0.3255535607420706,6,1,1,3,3,3,3
552,553,-0.10224873596570055,0.3201315199521745,-0.4833110814419226,-0.39098344304807503,10,1,0,3,3,3,3
553,554,-0.16359364680662172,1.0270512628904498,0.9252336448598132,-0.3834031518053062,3,2,0,3,3,3,3
554,555,-0.49095416995983243,-0.1748617545957256,0.02403204272363159,0.32954318771194885,8,2,1,3,3,3,3
555,556,0.0,0.0,0.5335844440632207,0.0,6,1,1,3,3,3,3
556,557,0.2982146530537119,-0.1942908384396951,0.6275033377837116,-0.2521444244963096,1,1,1,3,3,3,3
557,558,-0.5490943343113586,-0.5604543416529667,3.3738317757009346,-0.2333931777378815,1,1,0,3,3,0,3
558,559,0.6031636044736529,-0.17725302645344493,0.5727636849132176,0.1316576900059844,2,2,1,2,3,3,3
559,560,-0.14917228760434378,0.08608578687789566,0.03738317757009349,-0.3782166367444644,1,1,0,3,3,3,3
560,561,-0.09895737470632184,0.21910028396353304,-0.4085447263017356,-0.08896868142828647,1,0,1,3,3,3,3
561,562,-0.30397453525762486,0.5377372590046331,-0.6528704939919893,0.1607819668860961,5,2,1,3,3,3,3
562,563,-0.2255232073449325,-0.4979823643700493,-0.12149532710280375,0.898065030919609,3,2,1,3,3,3,2
563,564,-0.5771358660935657,0.2905395307128979,-0.5754339118825099,2.3646519050468777,3,0,0,3,3,3,0
564,565,0.1313079912952156,0.17635629950680012,1.0013351134846462,3.4745661280670257,7,2,0,3,3,3,0
565,566,0.18128471357578246,1.7946495292183526,-0.17089452603471292,0.47636146020347087,7,2,0,3,2,3,3
566,567,2.916557495967,0.40412494395456583,0.5794392523364487,1.2499501296628766,8,0,1,1,3,3,2
567,568,-0.6181696133733205,0.7251531908533851,1.5647530040053403,-0.057450628366247806,1,2,1,3,3,3,3
568,569,0.2830787219990688,-0.16798684800478259,-0.5954606141522029,-0.03191701575902656,7,2,0,3,3,3,3
569,570,0.5252319651808626,-0.5461067105066507,-0.562082777036048,1.8108916816277678,2,0,0,2,3,3,0
570,571,-0.22259995885798428,0.15513376176954122,-0.37917222963951935,0.46080191502094553,7,0,1,3,3,3,3
571,572,-0.14696361096976063,-0.49678672844118965,-0.27636849132176233,0.32315978456014355,10,2,0,3,3,3,3
572,573,0.7130344401979148,-0.1545359438051114,-0.10680907877169557,-0.04827448633552766,3,0,0,2,3,3,3
573,574,0.0,0.0,0.5335844440632207,0.0,5,2,1,3,3,3,3
574,575,0.4669618786743609,0.1721715737557913,-0.5714285714285713,-0.08856971873129864,6,1,1,2,3,3,3
575,576,-0.34700042224700367,5.658048124346137,14.311081441922562,0.08856971873129857,4,2,1,3,1,1,3
576,577,0.5689507703301104,3.153190853385144,-0.472630173564753,-0.041093157789746704,1,2,1,2,0,3,3
577,578,-0.5740393880666501,-0.10461814377522044,0.2736982643524699,-0.042689008577697994,9,1,0,3,3,3,3
578,579,0.6318114396457457,0.020624719772829214,-0.17089452603471292,-0.0630361061240774,9,2,0,2,3,3,3
579,580,-0.19800136418262723,-0.5003736362277688,1.8384512683578103,-0.3291442250149611,0,0,1,3,3,2,3
580,581,0.387427866136873,1.019877447317292,-0.3751668891855807,1.6098144823459004,6,3,1,3,3,3,0
581,582,0.0,0.0,0.5335844440632207,0.0,2,0,1,3,3,3,3
582,583,0.35347487630328167,-0.054999252727544454,-0.1188251001335113,-0.2166367444643926,10,3,0,3,3,3,3
583,584,-0.04371880514924807,-0.27469735465550743,0.1882510013351135,2.6910033911829245,2,2,1,3,3,3,0
584,585,0.18351504390286155,2.7652069944701836,-0.26702269692923897,-0.13883901855176542,7,1,1,3,0,3,3
585,586,1.1418208590019814,1.4117471230010459,-0.5433911882510014,2.238180730101736,3,1,0,2,3,3,0
586,587,-0.6018643829238981,1.2972649828127332,-0.4579439252336448,0.5174546179932176,5,1,1,3,3,3,3
587,588,-0.6214393209402034,1.1475115827230609,0.20293724966622168,0.9654897267105524,8,2,0,3,3,3,2
588,589,-0.09044747355542807,-0.26602899417127485,-0.29906542056074764,0.5010971474167165,8,1,0,3,3,3,3
589,590,1.1112025378127608,0.5768943356747871,-0.03070761014686242,1.3257530420905645,6,3,0,2,3,3,2
590,591,-0.5120448664508517,1.6114183231206096,5.938584779706275,0.7009774586076202,8,3,0,3,2,1,3
591,592,0.9970009635893161,0.5135256314452249,-0.3364485981308411,0.854977059644923,8,3,1,2,3,3,2
592,593,-0.43634355748514014,-0.41099985054550886,10.668891855807743,-0.053859964093357325,4,0,0,3,3,1,3
593,594,0.18141463573075794,-0.293827529517262,0.06408544726301742,0.9339716736485139,8,1,0,3,3,3,2
594,595,0.13654818487922654,-0.07891197130473772,0.7770360480640853,-0.047077598244564194,2,1,1,3,3,3,3
595,596,0.03973452573000004,-0.0547003437453296,0.7062750333778371,0.7009774586076202,8,1,0,3,3,3,3
596,597,-0.002663404176997322,-0.3359736960095651,-0.3644859813084112,-0.3439058448035109,0,0,1,3,3,3,3
597,598,-0.16489286835637648,-0.06815124794500078,-0.37383177570093457,0.5178535806902055,1,1,1,3,3,3,3
598,599,0.016630035836861096,-0.3778209535196533,0.006675567423230951,-0.40375024935168563,0,3,1,3,3,3,3
599,600,1.3295150655565542,-0.4477656553579435,0.28304405874499333,1.2288051067225214,8,1,0,2,3,3,2
600,601,0.44732197958056796,0.339859512778359,-0.10814419225634174,0.1360462796728506,9,3,0,3,3,3,3
601,602,0.5991143639769172,2.10641159766851,1.1201602136181577,-0.30281268701376424,9,0,1,2,2,3,3
602,603,-0.5124995939932657,0.2875504408907488,-0.13217623497997333,1.5100738080989424,3,1,1,3,3,3,2
603,604,-0.40403624828123824,0.32850097145419216,0.8531375166889185,-0.30400957510472776,10,2,0,3,3,3,3
604,605,-0.6042029817134568,-0.4507547451800926,0.44192256341789043,1.546778376221823,6,0,0,3,3,3,2
605,606,-0.4111603131123935,-0.5993125093409057,0.3578104138851803,-0.10612407739876321,2,2,0,3,3,3,3
606,607,-0.45645983781384325,-0.0020923628755044176,-0.205607476635514,-0.3064033512866547,10,2,0,3,3,3,3
607,608,-0.5125645550707535,1.6601404872216408,0.005340453938584784,-0.1687612208258528,8,2,0,3,2,3,3
608,609,0.0,0.0,0.5335844440632207,0.0,3,2,1,3,3,3,3
609,610,0.41061897079999565,2.0304887161859213,-0.5967957276368491,-0.04548174745661283,5,2,1,3,2,3,3
610,611,-0.20733410564836569,1.6981019279629352,-0.6194926568758344,-0.36624775583482944,9,0,0,3,2,3,3
611,612,2.136526531186731,0.3482289642803767,0.4392523364485981,1.3337322960303208,2,2,1,0,3,3,2
612,613,1.0652100949514418,-0.43192347930055297,-0.3965287049399199,-0.03470975463794139,5,0,0,2,3,3,3
613,614,-0.46356224895250264,0.27918098938873115,-0.4259012016021361,-0.239377618192699,1,1,1,3,3,3,3
614,615,-0.11755789656031099,-0.35570168883574954,0.6608811748998665,-0.3159784560143627,9,2,0,3,3,3,3
615,616,-0.527332373352966,-0.3781198625018682,-0.5674232309746329,-0.28845002992220226,1,0,1,3,3,3,3
616,617,0.20328486515162997,1.2395755492452547,1.9706275033377834,6.752842609216038,8,2,0,3,3,2,1
617,618,1.1476673559758779,2.191899566581976,-0.12283044058744992,-0.32874526231797324,1,3,1,2,2,3,3
618,619,0.17223347011249085,-0.44178747571364524,-0.5834445927903872,-0.10532615200478757,5,0,1,3,3,3,3
619,620,-0.5354092006539416,-0.5090419967120012,-0.2683578104138851,-0.06862158388190706,3,2,1,3,3,3,3
620,621,-0.5682145447852496,0.8055597070691974,-0.4098798397863818,0.7851585876720526,5,2,0,3,3,3,2
621,622,0.3250435780561481,3.1681363024958897,-0.19225634178905204,-0.42808697386794337,4,1,0,3,0,3,3
622,623,-0.33916178556348325,-0.40472276191899564,-0.35113484646194926,-0.2888489926191901,10,0,0,3,3,3,3
623,624,-0.11244762513127553,-0.35301150799581527,-0.5660881174899867,-0.06902054657889489,9,3,0,3,3,3,3
624,625,-0.47640288860257896,-0.41638021222537736,1.686248331108144,-0.3937761819269898,0,2,1,3,3,2,3
625,626,-0.3798707274557994,1.9751905544761619,1.5901201602136181,-0.3690404947137442,1,1,0,3,2,3,3
626,627,0.55316522850059,0.5323568973247645,-0.4405874499332443,-0.33911829243965685,3,3,0,2,3,3,3
627,628,-0.19016272749910684,-0.37184277387535497,-0.3778371161548731,-0.24256931976860166,1,2,1,3,3,3,3
628,629,0.9438411485118499,-0.48722164101031235,-0.39385847797062745,-0.005186515060841842,7,3,0,2,3,3,3
629,630,0.17309961781232744,0.17635629950680012,1.1188251001335112,-0.40574506283662476,2,2,1,3,3,3,3
630,631,0.22052120437837658,0.8674338663876849,-0.42857142857142855,0.8721324556153998,5,0,0,3,3,3,2
631,632,0.02440371144289376,0.577193244657002,-0.09212283044058737,-0.388589666866148,3,3,0,3,3,3,3
632,633,-0.395396424975369,1.02585562696159,-0.6648865153538049,-0.1296628765210453,10,1,0,3,3,3,3
633,634,0.5485096846139689,0.9538185622477955,-0.527369826435247,-0.09535208458009178,10,2,0,2,3,3,3
634,635,-0.1368296828816734,0.047227619189956604,0.3391188251001335,0.42968282465589464,3,2,1,3,3,3,3
635,636,0.48123166202916756,0.8163204304289343,-0.4245660881174899,-0.14282864552164376,5,0,0,2,3,3,3
636,637,3.7694314823035198,0.10760723359736954,-0.5927903871829104,1.7235188509874326,7,0,0,4,3,3,0
637,638,-0.30678951528209353,1.6335375878045133,-0.4539385847797063,3.2850588469978055,2,0,1,3,2,3,0
638,639,0.07232333293634893,-0.5999103273053356,0.7623497997329772,4.063036106124077,6,0,0,3,3,3,1
639,640,2.7975054946244713,-0.15782394260947544,0.4833110814419226,-0.00997406742469579,6,2,1,1,3,3,3
640,641,-0.32461050420622983,-0.11029741443730387,0.4632843791722296,-0.158787153401157,10,1,0,3,3,3,3
641,642,1.531847168238364,0.9852040053803615,1.4819759679572762,4.8701376421304605,3,1,1,2,3,3,1
642,643,2.861557117027381,0.6306979524734718,-0.6421895861148197,1.5056852184320764,6,2,0,1,3,3,2
643,644,0.5915139179108518,-0.07921088028695268,0.8958611481975968,-0.20386993816078197,4,2,1,2,3,3,3
644,645,-0.5681712374002577,0.3362726049917799,-0.49799732977303063,-0.40175543586674645,9,1,0,3,3,3,3
645,646,2.1716704741075974,1.259602451053654,0.42323097463284387,0.3215639337721922,5,0,0,0,3,3,3
646,647,1.1374035057328151,0.3673591391421313,-0.4499332443257677,-0.39058448035108717,2,2,1,2,3,3,3
647,648,0.5500254430886826,-0.41727693917202213,0.36982643524699604,1.1944943147815679,8,2,0,2,3,3,2
648,649,-0.33911847817849144,-0.6064863249140636,-0.4218958611481976,-0.42808697386794337,0,2,1,3,3,3,3
649,650,0.10874484371447435,-0.2271708264833358,-0.4485981308411215,-0.4213046080191502,0,1,1,3,3,3,3
650,651,-0.04133689897469773,1.4661485577641606,0.19626168224299062,0.49670855774985034,9,2,0,3,2,3,3
651,652,0.09544947652198388,0.12584068151247949,0.2149532710280374,-0.36185916616796326,0,2,1,3,3,3,3
652,653,-0.6236479975747865,0.27230608279778806,0.7209612817089451,-0.4165170556552963,0,3,0,3,3,3,3
653,654,0.9623117482108637,-0.3936631295770438,-0.5527369826435247,-0.40375024935168563,9,3,0,2,3,3,3
654,655,-0.623539729112307,-0.07950978926916755,7.069425901201602,0.22501496110113706,4,1,0,3,3,1,3
655,656,0.007232333293634843,0.44238529367807505,7.7556742323097465,-0.15080789946140039,4,2,0,3,3,1,3
656,657,0.3683509630479738,-0.42176057390524585,1.1108144192256342,2.711350488729304,3,0,1,3,3,3,0
657,658,-0.33234087242727073,0.14467194739201913,-0.06275033377837112,-0.14721723518850988,9,2,0,3,3,3,3
658,659,-0.5882875177289608,1.204304289343895,0.11481975967957281,-0.019150209455415935,1,0,0,3,3,3,3
659,660,0.1884737394844255,-0.18113884322223883,0.3404539385847797,0.27528426092160374,7,2,0,3,3,3,3
660,661,0.0006712644673733038,0.21371992228366457,6.109479305740988,-0.12327947336924,4,3,0,3,3,1,3
661,662,0.9381678810779207,-0.6363772231355552,-0.6301735647530039,0.3271494115300219,4,0,0,2,3,3,3
662,663,0.9237248681831469,-0.03317889702585561,-0.23765020026702266,-0.33233592659086375,4,0,1,2,3,3,3
663,664,-0.3677663133505842,-0.35570168883574954,-0.2523364485981308,-0.4033512866546978,0,3,1,3,3,3,3
664,665,1.663848077693449,0.4964878194589748,-0.10413885180240323,1.4278874925194496,2,2,1,0,3,3,2
665,666,0.7693990017647759,-0.6211328650425946,4.097463284379172,0.08617594254937164,10,3,0,2,3,0,3
666,667,-0.40743587800309655,-0.3533104169780302,2.5794392523364484,0.24615998404149203,10,1,0,3,3,0,3
667,668,2.1293158515855923,0.8563742340457331,1.568758344459279,0.34470377019748655,8,1,0,0,3,3,3
668,669,0.11998311011985312,0.06904797489164546,7.186915887850468,-0.41452224217035705,4,0,0,3,3,1,3
669,670,-0.6230850015698928,-0.27559408160215215,-0.4966622162883845,-0.18312387791741475,3,3,1,3,3,3,3
670,671,0.4186308370234834,-0.2612464504558362,-0.4953271028037383,1.6397366846199877,2,0,0,3,3,3,0
671,672,0.762426512781092,-0.3933642205948289,-0.4018691588785046,1.7091561938958708,6,2,1,2,3,3,0
672,673,-0.4818379654190531,0.02959198923927659,-0.014686248331108067,-0.3598643526830242,10,1,0,3,3,3,3
673,674,-0.5906261165185194,-0.28665371394410405,0.004005340453938618,-0.2812687013764213,10,2,0,3,3,3,3
674,675,0.0,0.0,0.5335844440632207,0.0,8,2,0,3,3,3,3
675,676,0.9274059959074522,-0.19010611268868632,-0.11748998664886513,-0.34111310592459604,9,3,0,2,3,3,3
676,677,-0.05775039788659965,-0.6247197728291736,1.0440587449933243,-0.3606622780769998,0,0,1,3,3,3,3
677,678,1.5159966653313555,2.4283365715139738,-0.246995994659546,0.26132056652702973,1,2,1,2,0,3,3
678,679,-0.28701969403332506,-0.015543267075175596,0.6982643524699599,2.6566925992419708,6,0,0,3,3,3,0
679,680,-0.23732446975520505,0.03317889702585561,-0.13484646194926567,-0.15000997406742472,7,1,0,3,3,3,3
680,681,-0.5997639747517947,-0.027798535345987137,-0.6074766355140186,-0.43008178735288255,0,0,1,3,3,3,3
681,682,0.11006571895672507,-0.47018382902406214,0.6862483311081441,14.065828845002992,3,3,0,3,3,3,1
682,683,-0.30598832865974473,-0.3515169630847407,-0.548731642189586,1.7235188509874326,2,2,1,3,3,3,0
683,684,0.0,0.0,0.5335844440632207,0.0,9,0,0,3,3,3,3
684,685,2.4683477149940996,-0.06665670303392618,-0.6568758344459279,0.829044484340714,2,2,1,0,3,3,2
685,686,-0.46609573097452445,-0.41099985054550886,-0.1468624833110814,1.0241372431677638,10,3,0,3,3,3,2
686,687,1.4883665537065707,-0.3189358840233149,-0.2683578104138851,1.9728705366048274,3,2,1,2,3,3,0
687,688,-0.08492578196897026,1.4329696607383051,0.3818424566088118,0.019549172152403687,4,2,0,3,3,3,3
688,689,0.21818260558881802,3.484382005679271,0.3684913217623498,-0.11410333133851985,9,3,0,3,0,3,3
689,690,0.42462890984485124,1.1794948438200565,-0.5340453938584779,-0.2533413125872731,9,2,0,3,3,3,3
690,691,-0.0220867663458311,0.023015991630548484,-0.472630173564753,0.28326351486136037,2,0,0,3,3,3,3
691,692,-0.5015861329753257,2.559856523688537,-0.4192256341789051,-0.3989626969878316,10,2,0,3,0,3,3
692,693,0.4547491961066661,-0.4639067403975489,-0.3965287049399199,0.18511869140235382,1,1,1,3,3,3,3
693,694,-0.5535333412730206,4.4657001942908385,6.275033377837116,-0.18073010173548776,4,2,0,3,0,1,3
694,695,2.2949665991793253,3.908533851442236,-0.6542056074766355,-0.32874526231797324,7,1,0,0,0,3,3
695,696,1.3047648950337256,-0.187714840830967,-0.47396528704939916,11.018152802712946,2,1,1,2,3,3,1
696,697,3.0450721609302427,0.5996114183231206,0.7890520694259013,0.8745262317973268,6,2,0,1,3,3,2
697,698,-0.42465056353734726,0.233447915109849,-0.32710280373831774,0.653899860363056,3,0,1,3,3,3,3
698,699,-0.4401329536719249,0.7445822746973546,-0.3030707610146862,-0.2282066626770397,10,1,0,3,3,3,3
699,700,0.736095622706062,-0.018532356897324794,-0.6301735647530039,0.27688011170955507,3,3,0,2,3,3,3
700,701,-0.3812998711605297,-0.1775519354356599,-0.096128170894526,0.6104129263913824,5,2,0,3,3,3,3
701,702,0.6364886372248628,-0.2782842624420864,-0.6568758344459279,-0.059844404548174746,2,3,1,2,3,3,3
702,703,0.5040330002273639,-0.49618891047675984,0.8865153538050734,0.8848992619190104,2,3,0,2,3,3,2
703,704,0.8151749077011357,-0.293827529517262,1.883845126835781,0.6327548374227009,1,2,1,2,3,2,3
704,705,0.20876324935309587,1.1098490509639813,-0.6008010680907877,0.5018950728106921,2,1,1,3,3,3,3
705,706,0.3680694650455268,0.22149155582125243,0.16955941255006682,3.239976062238181,1,0,1,3,3,3,0
706,707,0.05409092385479025,0.5966223285009714,0.12016021361815758,-0.22860562537402754,1,1,1,3,3,3,3
707,708,0.022996221430659474,-0.024809445523838045,0.17222963951935916,0.07380809894274884,8,3,0,3,3,3,3
708,709,-0.021220618645994633,0.5344492602002691,0.0,-0.42808697386794337,1,0,1,3,3,3,3
709,710,0.07435878003096473,-0.19787774622627413,-0.6715620827770361,-0.15798922800718135,5,3,0,3,3,3,3
710,711,-0.17535160183190243,-0.5966223285009715,-0.07877169559412547,0.16955914621982843,7,3,0,3,3,3,3
711,712,0.0,0.0,0.5335844440632207,0.0,5,2,0,3,3,3,3
712,713,0.0,0.0,0.5335844440632207,0.0,8,3,0,3,3,3,3
713,714,0.9349198272035337,-0.43640711403377674,-0.5727636849132176,0.25693197686016345,6,2,0,2,3,3,3
714,715,1.6363695419161355,0.28067553429980574,-0.18024032042723626,-0.2166367444643926,9,2,0,0,3,3,3
715,716,2.2671199506295814,0.18950829472425645,0.5313751668891855,-0.08617594254937164,1,1,1,0,3,3,3
716,717,-0.3793293851434016,-0.4955910925123299,-0.5020026702269692,0.25054857370835815,8,3,0,3,3,3,3
717,718,1.5396641512293883,3.549245254819907,0.004005340453938618,-0.400558547775783,7,0,0,2,0,3,3
718,719,1.3568203717939,0.697055746525183,0.5233644859813085,0.13844005585477753,9,2,0,2,3,3,3
719,720,0.2970886610439245,4.203557016888358,-0.5887850467289719,-0.12248154797526432,5,3,0,3,0,3,3
720,721,-0.10707750939228916,1.7740248094455235,-0.6341789052069425,0.49670855774985034,1,1,0,3,2,3,3
721,722,2.814352067386291,1.3857420415483486,1.1188251001335112,-0.1978854977059645,4,3,0,1,3,3,3
722,723,1.6922360685555904,3.069197429382753,-0.3831775700934579,1.597446638739278,7,3,0,0,0,3,0
723,724,1.485573227374598,-0.5622477955462563,-0.04405874499332444,-0.307999202074606,8,2,0,2,3,3,3
724,725,-0.05328973723244159,-0.612763413540577,0.31508678237650206,0.09096349491322558,8,2,0,3,3,3,3
725,726,-0.5653562573757891,-0.3939620385592587,0.2483311081441923,0.2932375822860562,6,2,0,3,3,3,3
726,727,0.2397280296222513,2.2486922732028094,0.47396528704939916,1.6437263115898664,8,2,0,3,2,3,0
727,728,-0.16192631248443642,1.0940068749065908,-0.46194926568758343,-0.3834031518053062,0,3,1,3,3,3,3
728,729,1.1476023948983902,-0.4934987296368256,-0.507343124165554,0.8294434470377019,5,2,0,2,3,3,2
729,730,0.39747517945497657,-0.19130174861754595,2.6141522029372495,0.495112706961899,1,2,1,3,3,0,3
730,731,-0.1029633078180657,-0.13899267672993582,1.515353805073431,-0.39018551765409937,0,1,1,3,3,3,3
731,732,0.9175102584368199,0.05440143476311464,0.4459279038718292,1.7438659485338117,2,1,0,2,3,3,0
732,733,2.0345592932234773,0.33059333432969656,-0.45126835781041386,-0.13644524236983843,9,2,0,0,3,3,3
733,734,-0.15919794722995143,-0.37722313555522347,-0.527369826435247,-0.2804707759824457,3,0,0,3,3,3,3
734,735,-0.5070428634842957,1.204304289343895,0.4966622162883845,0.0833832036704568,8,2,0,3,3,3,3
735,736,0.4876411550079577,1.3268569720520103,1.8130841121495325,0.3028126870137642,5,2,1,2,3,2,3
736,737,-0.47209380379589233,-0.13122104319234795,0.746328437917223,-0.39616995810891686,0,3,1,3,3,3,3
737,738,0.8624449184197136,-0.11238977731280829,12.109479305740988,-0.3654498304408538,4,2,0,2,3,1,3
738,739,-0.23669651267282354,7.281721715737557,-0.6542056074766355,1.3760223419110311,7,3,0,3,1,3,2
739,740,-0.4329872351482737,0.6647735764459721,-0.1535380507343124,0.7959305804907241,5,2,0,3,3,3,2
740,741,2.413174106514514,-0.5783888805858617,-0.13885180240320427,0.3570716138041093,3,3,0,0,3,3,3
741,742,-0.42558167231467153,0.8910476759826632,0.6154873164218959,-0.35308198683423103,4,2,0,3,3,3,3
742,743,1.6385349111657266,1.5695710656105213,-0.60347129506008,0.9630959505286254,6,0,0,0,2,3,2
743,744,-0.5966891504173749,1.4144373038409803,-0.18825100133511344,0.023139836425294238,5,0,0,3,3,3,3
744,745,-0.0552385695570737,0.9382752951726198,-0.5046728971962616,0.348294434470377,9,3,0,3,3,3,3
745,746,-0.3453330879248184,0.4728740098639963,-0.39519359145527366,0.8286455216437263,8,1,0,3,3,3,2
746,747,0.5627361605837835,3.157674488118368,0.4886515353805075,0.5306203869938161,2,1,1,2,0,3,3
747,748,-0.29187012115240957,-0.21551337617695412,-0.6461949265687583,-0.3925792938360263,0,2,1,3,3,3,3
748,749,-0.1313729523727034,-0.008668360484232526,1.335113484646195,2.9164173149810493,8,2,1,3,3,3,0
749,750,0.0,0.0,0.5335844440632207,0.0,4,2,0,3,3,3,3
750,751,-0.5061334083994674,-0.2687191750112091,0.42857142857142855,0.06902054657889481,1,3,1,3,3,3,3
751,752,-0.5548975239002631,3.3603347780600807,1.2416555407209613,-0.40135647316975864,4,3,1,3,0,3,3
752,753,2.3582170349598868,-0.07442833657151404,0.3845126835781041,1.1226810293237581,7,2,0,0,3,3,2
753,754,2.22818661152193,0.08787924077118521,2.8451268357810413,2.9918212647117497,8,2,0,0,3,0,0
754,755,-0.473912713965549,1.632341951875654,-0.4445927903871829,3.5240375024935164,7,1,0,3,2,3,0
755,756,1.086279137749965,-0.5248841727693918,0.11748998664886513,0.49311789347695983,3,2,0,2,3,3,3
756,757,1.981832551995929,0.746674637572859,-0.5060080106809078,-0.11210851785358071,7,2,1,0,3,3,3
757,758,1.2227190541667121,0.09923778209535197,-0.5540720961281708,0.1316576900059844,5,2,1,2,3,3,3
758,759,-0.07561469419572776,-0.2537737259004633,0.09345794392523367,-0.05186515060841814,9,0,1,3,3,3,3
759,760,1.277892662646298,-0.41189657749215364,-0.15754339118825095,0.9702772790744064,8,3,0,2,3,3,2
760,761,-0.18916665764429483,-0.4507547451800926,6.906542056074767,-0.4256931976860163,0,2,1,3,3,1,3
761,762,-0.1966588352478807,6.058287251531909,-0.2777036048064085,-0.3806104129263914,9,1,0,3,1,3,3
762,763,0.18665482931476887,-0.5398296218801376,1.7383177570093458,0.5820865749052463,7,0,0,3,3,2,3
763,764,-0.07098080400160238,2.6782244806456434,1.2563417890520694,-0.34430480750049874,8,0,0,3,0,3,3
764,765,0.4031484468889058,-0.2600508145269766,-0.18558077436582104,-0.38420107719928187,0,2,1,3,3,3,3
765,766,0.0,0.0,0.5335844440632207,0.0,8,0,0,3,3,3,3
766,767,-0.15324318179357538,-0.6235241369003138,-0.07209612817089453,-0.41252742868541786,10,3,0,3,3,3,3
767,768,0.10545348245509563,0.3120609774323719,0.3938584779706275,0.6666666666666666,7,0,0,3,3,3,3
768,769,0.961445600511027,-0.39904349125691224,-0.4098798397863818,-0.42808697386794337,1,2,1,2,3,3,3
769,770,0.6174333878284596,-0.35659841578239426,0.018691588785046804,-0.11849192100538601,6,2,1,2,3,3,3
770,771,1.3229973041152843,1.0180839934240025,0.34579439252336447,0.2976261719529224,4,1,0,2,3,3,3
771,772,-0.416508775158884,-0.42684202660289944,0.06141522029372496,-0.42010771992818674,0,0,1,3,3,3,3
772,773,0.0,0.0,0.5335844440632207,0.0,7,2,1,3,3,3,3
773,774,0.6695321719736258,0.39725003736362285,-0.04672897196261677,1.0955515659285855,3,0,0,2,3,3,2
774,775,-0.5192338923594947,-0.4546405619488866,-0.47396528704939916,-0.4268900857769799,0,3,1,3,3,3,3
775,776,2.1261977198661803,-0.3210282468988193,-0.3818424566088117,1.6433273488928783,8,2,0,0,3,3,0
776,777,0.5542479131253857,2.0083694515020176,1.255006675567423,2.120087771793337,1,0,1,2,2,3,0
777,778,-0.5211177636066391,-0.12882977133462858,0.6461949265687584,-0.39537203271494115,0,3,1,3,3,3,3
778,779,-0.10233535073568424,-0.5150201763562996,0.3524699599465955,-0.0371035308198684,5,3,0,3,3,3,3
779,780,-0.5982915236620725,-0.308175160663578,0.31909212283044064,0.641930979453421,6,3,0,3,3,3,3
780,781,-0.4441821941686606,-0.3996413092213421,-0.6248331108144192,-0.4165170556552963,0,2,1,3,3,3,3
781,782,3.8533178870326865,0.3811089523240172,-0.47930574098798395,-0.03111909036505091,9,0,0,4,3,3,3
782,783,-0.5292162446001105,-0.08548796891346583,-0.4539385847797063,6.85537602234191,8,0,0,3,3,3,1
783,784,0.5212260320691186,-0.4166791212075923,0.2523364485981309,0.5749052463594654,6,2,0,2,3,3,3
784,785,-0.3479964921018157,1.3050366163503213,-0.4192256341789051,0.7520446838220625,5,2,1,3,3,3,3
785,786,-0.5731948940593096,0.9872963682558661,-0.5901201602136181,-0.40734091362457614,1,3,0,3,3,3,3
786,787,1.8890681333434385,-0.5317590793603347,0.9052069425901201,0.89048473967684,2,2,1,0,3,3,2
787,788,-0.4064831155332764,4.227469735465551,-0.6194926568758344,-0.20426890085776983,9,3,0,3,0,3,3
788,789,-0.4695386680813746,0.9083843969511283,0.6341789052069426,0.17155395970476756,6,2,0,3,3,3,3
789,790,-0.5476435369141324,2.1210581377970406,1.4392523364485983,-0.02114502294035512,7,2,0,3,2,3,3
790,791,-0.40325671535138535,0.7368106411597669,1.4138851802403203,-0.1715539597047676,5,3,1,3,3,3,3
791,792,-0.5620432424239143,0.7448811836795695,0.2790387182910547,-0.42210253341312587,0,3,1,3,3,3,3
792,793,0.7866136872990268,1.2607980869825137,0.02670226969292392,1.650907640135647,7,3,0,2,3,3,0
793,794,0.7462295507941491,-0.04423852936780751,-0.36048064085447257,0.6108118890883701,5,2,0,2,3,3,3
794,795,0.4178296504011346,-0.4630100134509042,0.05073431241655539,0.7065629363654499,6,2,0,3,3,3,3
795,796,-0.534045018026699,0.11358541324166793,-0.4138851802403204,0.15240375024935163,3,1,0,3,3,3,3
796,797,0.8162142849409396,-0.17725302645344493,-0.5714285714285713,0.3191701575902653,2,2,0,2,3,3,3
797,798,-0.4203198250381647,-0.24121954864743686,-0.34312416555407205,-0.3016157989228007,9,2,0,3,3,3,3
798,799,-0.4065047692257723,2.419967120011956,-0.507343124165554,0.9060442848593655,9,0,0,3,0,3,2
799,800,-0.5385922934508408,-0.3518158720669556,1.8945260347129502,-0.0917614203072013,4,1,1,3,3,2,3
800,801,1.6583480397994872,0.1339112240322822,-0.616822429906542,-0.4213046080191502,9,3,1,0,3,3,3
801,802,1.7101653259422063,-0.23912718577193243,0.8504672897196262,5.020945541591861,8,3,0,0,3,3,1
802,803,-0.46949536069638276,0.12972649828127336,-0.3524699599465954,0.8940754039497306,6,3,1,3,3,3,2
803,804,1.5386680813745763,0.8925422208937379,-0.29773030707610143,0.5765010971474167,5,0,0,2,3,3,3
804,805,0.34219330251291097,-0.6289044985801823,-0.6675567423230975,1.056453221623778,3,2,1,3,3,3,2
805,806,2.34347087037017,-0.6277088626513226,-0.3871829105473965,-0.36505086774386597,6,2,1,0,3,3,3
806,807,-0.4158808180765025,0.4752652817217158,-0.1495327102803738,-0.381408338320367,9,3,0,3,3,3,3
807,808,-0.4655327349696307,-0.17545957256015546,0.11481975967957281,-0.2429682824655895,5,3,0,3,3,3,3
808,809,0.4641252449573963,-0.5392318039157077,-0.1535380507343124,-0.4268900857769799,0,3,1,2,3,3,3
809,810,0.0864415404436842,-0.4624121954864744,-0.1535380507343124,0.8924795531617794,2,2,1,3,3,3,2
810,811,0.10302826889555339,0.5105365416230758,9.403204272363151,0.15320167564332735,4,0,1,3,3,1,3
811,812,1.6563775537823588,-0.4480645643401584,0.7316421895861147,-0.02114502294035512,10,2,0,0,3,3,3
812,813,0.5676732024728518,-0.29741443730384104,-0.6275033377837116,-0.43087971274685816,9,1,0,2,3,3,4
813,814,2.0725831772463,-0.6396652219399194,1.2403204272363149,-0.29044484340714144,5,2,0,0,3,3,3
814,815,0.03609670539068678,0.6014048722164101,-0.650200267022697,0.6060243367245162,3,2,1,3,3,3,3
815,816,-0.5349111657265355,3.4195187565386336,0.12950600801068088,1.1047277079593059,1,2,1,3,0,3,2
816,817,0.5348462046490478,-0.6396652219399194,-0.0867823765020026,-0.2090564532216238,7,3,0,2,3,3,3
817,818,-0.5987029438194948,0.6112688686295024,-0.562082777036048,0.1827249152204269,1,0,1,3,3,3,3
818,819,-0.17374922858720487,1.875056045434165,-0.008010680907877116,1.3046080191502094,7,3,0,3,2,3,2
819,820,0.6749239414051081,0.88477058735615,1.7383177570093458,-0.19509275882704968,4,2,0,2,3,2,3
820,821,-0.6082955295951843,0.5233896278583172,0.021361815754339136,-0.40534610013963696,10,2,0,3,3,3,3
821,822,0.3260179942184641,0.5072485428187118,-0.3110814419225634,0.19549172152403743,8,0,0,3,3,3,3
822,823,-0.1654342106687743,0.1019279629352862,-0.45260347129506,-0.1863155794933174,7,1,0,3,3,3,3
823,824,2.3123978216385352,-0.3849947690928113,-0.22963951935914548,-0.3419110313185717,8,1,0,0,3,3,3
824,825,-0.08804391368838177,0.6934688387386041,-0.32176234979973295,0.3646519050468781,3,0,0,3,3,3,3
825,826,-0.5983131773545685,0.4677925571663429,-0.22162883845126832,-0.41970875723119894,10,0,0,3,3,3,3
826,827,-0.1300087697454609,0.5646390674039754,0.01735647530040052,-0.2493516856173948,9,0,0,3,3,3,3
827,828,-0.47033985470372336,0.5018681811388434,-0.2897196261682243,0.5561539996010372,6,0,0,3,3,3,3
828,829,0.2728148717560062,-0.10880286952622928,-0.5100133511348465,-0.13165769000598446,9,3,0,3,3,3,3
829,830,1.351666792979873,1.747421910028396,-0.42723631508678234,1.338918811091163,7,0,0,2,2,3,2
830,831,0.7475720797288957,6.193095202510835,-0.527369826435247,-0.2657091561938959,9,2,0,2,1,3,3
831,832,0.8362656041921549,0.0,-0.1495327102803738,0.521045282266108,5,0,0,2,3,3,3
832,833,-0.5736712752942196,0.8471080555970707,-0.010680907877169568,-0.21025334131258727,10,2,0,3,3,3,3
833,834,-0.4385522341197233,0.2992078911971304,-0.5046728971962616,-0.16277678037103535,5,3,0,3,3,3,3
834,835,-0.3897664649264316,0.6312957704379017,-0.5353805073431241,-0.3526830241372431,10,2,0,3,3,3,3
835,836,0.7276073752476642,-0.5386339859512779,1.2496662216288383,0.19549172152403743,3,0,1,2,3,3,3
836,837,1.4389095200459059,-0.33178897025855625,-0.6395193591455274,0.0997406742469579,1,2,1,2,3,3,3
837,838,-0.5974686833472279,0.5780899716036467,-0.5954606141522029,-0.2948334330740076,10,2,0,3,3,3,3
838,839,0.9505971005705747,-0.5580630697952474,-0.5393858477970628,0.7081587871534011,6,2,0,2,3,3,3
839,840,0.11207951235884497,-0.629801225526827,-0.3684913217623498,-0.00997406742469579,2,2,0,3,3,3,3
840,841,-0.44095579398676965,0.20415483485278726,0.6475300400534046,1.2260123678436066,2,3,0,3,3,3,2
841,842,0.49374749629180525,0.4558361978777461,-0.09479305740987984,-0.2166367444643926,3,2,1,2,3,3,3
842,843,-0.012255989952686737,2.7849349872963685,-0.3391188251001335,0.6906044284859365,5,3,0,3,0,3,3
843,844,-0.07065599861416373,4.078314153340308,-0.3831775700934579,-0.29243965689208057,9,2,0,3,0,3,3
844,845,1.118543139568875,5.1645493947093115,5.460614152202938,-0.270097745860762,4,2,0,2,0,1,3
845,846,0.24044260147461638,1.0357196233746826,0.096128170894526,-0.23897865549571118,4,1,1,3,3,3,3
846,847,-0.3466539631670691,3.8920938574204156,0.40987983978638176,-0.400558547775783,4,2,1,3,0,3,3
847,848,-0.433896690233102,0.8336571513973994,-0.6728971962616822,-0.4149212048673449,0,3,1,3,3,3,3
848,849,-0.4859088596082847,-0.4585263787176804,-0.638184245660881,0.7392778775184519,6,1,0,3,3,3,3
849,850,-0.6234314606498274,1.6188910476759826,-0.2389853137516689,-0.1536006383403152,1,0,1,3,2,3,3
850,851,-0.5864902612518,1.7031833806605885,2.4218958611481978,-0.42210253341312587,4,1,1,3,2,0,3
851,852,0.0,0.0,0.5335844440632207,0.0,5,2,0,3,3,3,3
852,853,0.40167599579918367,-0.5024659991032732,-0.527369826435247,1.1294633951725512,2,0,1,3,3,3,2
853,854,0.25555687883676365,-0.3796144074129428,-0.6622162883845126,-0.4065429882306005,4,3,1,3,3,3,3
854,855,-0.4882907657828351,-0.33926169481392915,0.01735647530040052,0.17394773588669457,5,3,1,3,3,3,3
855,856,-0.31406515596072027,-0.4576296517710357,-0.6021361815754339,-0.23139836425294236,8,2,0,3,3,3,3
856,857,0.16073535939716113,2.2636377223135553,-0.6008010680907877,0.41133054059445434,5,1,0,3,2,3,3
857,858,-0.37945930729837707,-0.29831116425048576,-0.4432576769025367,0.03191701575902649,10,1,0,3,3,3,3
858,859,0.2162987343416736,-0.25676281572261245,-0.05740987983978634,0.12487532415719126,8,2,0,3,3,3,3
859,860,0.0,0.0,0.5335844440632207,0.0,7,2,1,3,3,3,3
860,861,-0.1745071078245618,-0.14736212823195335,9.48731642189586,-0.3834031518053062,4,2,1,3,3,1,3
861,862,2.9408312852549185,-0.36048423255118817,0.009345794392523402,9.366447237183323,3,3,0,1,3,3,1
862,863,-0.5791496594956856,-0.3282020624719773,-0.05206942590120156,-0.43008178735288255,0,1,1,3,3,3,3
863,864,-0.5197968883643884,-0.41817366611866685,-0.6595460614152202,0.25693197686016345,1,2,1,3,3,3,3
864,865,-0.50002706711562,-0.4092063966522194,-0.013351134846461901,-0.2812687013764213,10,2,0,3,3,3,3
865,866,0.0,0.0,0.5335844440632207,0.0,5,3,0,3,3,3,3
866,867,0.7668871734352501,-0.2609475414736213,-0.363150867823765,0.9742669060442848,2,1,1,2,3,3,2
867,868,0.04073059558481211,0.29621880137498136,6.291054739652871,-0.02712946339517261,4,3,1,3,3,1,3
868,869,0.028019878089711243,-0.33149006127634134,1.1975967957276366,-0.23379214043486934,5,2,0,3,3,3,3
869,870,-0.22569643688489985,-0.21820355701688837,0.32309746328437916,-0.4292838619589069,0,0,1,3,3,3,3
870,871,2.561155441031582,1.943805111343596,-0.568758344459279,-0.40773987632156394,9,0,0,0,2,3,3
871,872,0.3326007167372216,-0.47406964579285604,-0.568758344459279,1.9505286255735088,7,1,0,3,3,3,0
872,873,-0.1261977198661802,-0.36526677626662685,-0.616822429906542,1.8352284061440254,7,3,0,3,3,3,0
873,874,-0.2755432370104912,0.41279330443879836,-0.24299065420560745,-0.2908438061041293,9,3,0,3,3,3,3
874,875,1.4904669618786743,-0.41099985054550886,-0.27236315086782376,1.5256333532814679,7,1,0,2,3,3,2
875,876,-0.3180710890724641,0.509639814676431,-0.2790387182910547,-0.026730500698184716,9,2,0,3,3,3,3
876,877,-0.5702283381873695,-0.6280077716335376,2.081441922563418,1.6660682226211851,8,1,0,3,3,0,0
877,878,-0.4727001071857779,0.21999701091017781,-0.06809078771695591,-0.27289048473967686,1,2,1,3,3,3,3
878,879,-0.4337018070006388,-0.08668360484232558,0.021361815754339136,3.5443846000398964,6,3,0,3,3,3,0
879,880,-0.21268256769485616,0.03407562397250039,-0.6061415220293724,0.04468382206263711,6,2,1,3,3,3,3
880,881,-0.012948908112555934,-0.347033328351517,-0.4205607476635514,-0.42449630959505286,0,2,1,3,3,3,3
881,882,-0.1500600889966762,-0.5467045284710805,0.10280373831775706,0.07779772591262714,10,2,0,3,3,3,3
882,883,-0.08650650152117194,0.08877596771782989,0.04272363150867827,-0.41571913026132057,1,0,1,3,3,3,3
883,884,0.11846735164513925,1.900463308922433,-0.4632843791722296,0.3498902852583283,5,1,1,3,2,3,3
884,885,0.46672368805690584,0.3371693319384247,-0.47930574098798395,0.5956513066028326,7,1,1,2,3,3,3
885,886,-0.26352543767525966,4.1321177701389935,-0.30040053404539385,0.42569319768601627,1,2,1,3,0,3,3
886,887,-0.5590550328594784,0.5057539979076371,-0.6608811748998665,0.9734689806503092,10,1,0,3,3,3,2
887,888,3.09102129640657,-0.044537438350022475,0.22162883845126838,0.5780969479353679,3,1,0,1,3,3,3
888,889,1.8203393133614112,1.9091316694066653,-0.4485981308411215,0.04468382206263711,8,2,0,0,2,3,3
889,890,-0.38476446195987574,-0.12554177253026452,0.7049399198931909,1.9856373429084377,2,2,1,3,3,3,0
890,891,0.0,0.0,0.5335844440632207,0.0,6,2,0,3,3,3,3
891,892,0.045732598551367985,0.05201016290539526,0.6622162883845126,-0.14163175743068027,2,0,1,3,3,3,3
892,893,-0.3339432456719682,0.059482887460768144,-0.07877169559412547,0.495112706961899,10,2,0,3,3,3,3
893,894,0.0,0.0,0.5335844440632207,0.0,7,2,1,3,3,3,3
894,895,0.6225869666424868,0.012255268270811541,-0.2790387182910547,2.4081388390185516,8,2,1,2,3,3,0
895,896,0.044390069616621376,3.129577043790166,4.367156208277704,-0.32076600837821667,4,2,0,3,0,0,3
896,897,0.0,0.0,0.5335844440632207,0.0,2,3,0,3,3,3,3
897,898,0.62325823110986,-0.16439994021820356,-0.6021361815754339,1.0145621384400556,8,1,1,2,3,3,2
898,899,0.7696588460747269,0.30130025407263483,-0.3671562082777036,1.8487931378416118,6,1,0,2,3,3,0
899,900,-0.5472754241417018,-0.5410252578089972,-0.6648865153538049,-0.42609216038300424,0,3,1,3,3,3,3
900,901,-0.3721403592347585,-0.04603198326109697,0.6275033377837116,-0.31079194095352086,10,1,0,3,3,3,3
901,902,-0.42428245076491666,-0.601703781198625,-0.19492656875834444,-0.4292838619589069,0,3,0,3,3,3,3
902,903,1.0635644143217524,0.10282468988193098,-0.4579439252336448,0.4647915419908238,8,2,0,2,3,3,3
903,904,-0.008574862228381575,-0.35121805410252577,-0.4392523364485981,4.020347097546379,6,2,0,3,3,3,1
904,905,0.34790987733183204,2.2307577342699147,-0.06008010680907879,-0.16836225812886496,8,1,0,3,2,3,3
905,906,-0.5332221777118543,-0.27918098938873115,-0.4259012016021361,3.050069818471973,3,1,1,3,3,3,0
906,907,-0.20393447592650737,-0.2782842624420864,-0.4632843791722296,-0.284460402952324,5,2,1,3,3,3,3
907,908,4.425516711237185,-0.4187714840830967,-0.19092122830440583,0.9387592260123677,7,0,0,4,3,3,2
908,909,-0.3878825936792872,0.9024062173068301,-0.3351134846461949,-0.2513464991023339,5,0,0,3,3,3,3
909,910,1.2563688923053604,0.746973546555074,-0.31642189586114816,0.4887293038100937,5,0,0,2,3,3,3
910,911,-0.46299925294760885,-0.5526827081153789,-0.5166889185580774,-0.42210253341312587,9,3,0,3,3,3,3
911,912,0.0,0.0,0.5335844440632207,0.0,4,3,0,3,3,3,3
912,913,-0.3883373212217014,-0.42176057390524585,1.4138851802403203,-0.4109315778974666,0,0,1,3,3,3,3
913,914,1.7335729675302884,-0.488417276939172,0.32843791722296395,1.4602034709754634,3,3,1,0,3,3,2
914,915,-0.12385912107662163,1.16813630249589,-0.6728971962616822,-0.22501496110113706,9,3,0,3,3,3,3
915,916,-0.35486071262302005,0.02540726348826776,-0.5927903871829104,-0.37861559944145223,9,2,0,3,3,3,3
916,917,-0.4856490152983338,-0.6372739500822,6.220293724966623,-0.40135647316975864,0,1,1,3,3,1,3
917,918,0.17186535734006042,0.7269466447466746,-0.5500667556742324,-0.24695790943546778,1,1,1,3,3,3,3
918,919,0.0,0.0,0.5335844440632207,0.0,8,3,0,3,3,3,3
919,920,1.8622175546485065,-0.3320878792407712,0.08678237650200271,0.7991222820666266,6,3,0,0,3,3,2
920,921,0.1878890897870359,3.2975638917949484,1.5193591455273696,-0.24097346898065033,2,2,0,3,0,3,3
921,922,-0.10679601138984231,0.3404573307427887,-0.22429906542056072,1.1897067624177138,1,2,1,3,3,3,2
922,923,-0.5649448372183667,0.28874607681960845,-0.19359145527369823,-0.08537801715539599,9,2,0,3,3,3,3
923,924,0.07702218420796206,0.20744283365715144,0.3658210947930574,0.06662677039696788,6,1,0,3,3,3,3
924,925,-0.1934757424509815,-0.6214317740248094,-0.12550066755674225,-0.42609216038300424,0,2,1,3,3,3,3
925,926,7.242315645875513,0.2268719175011209,-0.6275033377837116,-0.33832036704568125,2,2,1,4,3,3,3
926,927,-0.04181328020960775,0.26124645045583617,1.1455273698264354,1.0341113105924595,6,1,0,3,3,3,2
927,928,-0.07667572512802752,-0.06725452099835601,0.8237650200267024,-0.3371234789547178,7,1,0,3,3,3,3
928,929,-0.6121065794744649,0.7900164399940217,3.339118825100133,0.5553560742070616,6,2,0,3,3,0,3
929,930,0.13496746532702486,-0.60200269018084,-0.6021361815754339,-0.42848593656493117,0,2,1,3,3,3,3
930,931,0.6906878295421326,0.4005380361679869,0.05874499332443263,-0.040295232395771055,5,2,0,2,3,3,3
931,932,-0.3862585667420937,1.3217755193543566,7.089452603471295,-0.19469379613006185,4,0,0,3,3,1,3
932,933,1.578056148024642,1.9022567628157225,-0.44592790387182907,-0.35707161380410934,9,0,1,0,2,3,3
933,934,-0.5214425689940778,-0.48273800627708857,-0.5580774365821094,0.2641133054059446,3,2,0,3,3,3,3
934,935,-0.37878804283100376,-0.4292332984606187,0.029372496662216255,0.10373030121683621,10,2,0,3,3,3,3
935,936,-0.05686259649426716,1.1552832162606488,9.004005340453938,-0.22860562537402754,4,2,0,3,3,1,3
936,937,-0.2678345224819463,-0.5936332386788223,0.33644859813084116,1.4981049271893077,8,2,0,3,3,3,2
937,938,-0.35130950705369035,0.7173815573157972,0.16154873164218958,-0.014362657091561986,4,0,0,3,3,3,3
938,939,0.0,0.0,0.5335844440632207,0.0,8,2,0,3,3,3,3
939,940,4.319348656929724,0.3843969511283815,0.009345794392523402,0.27009774586076196,3,3,1,4,3,3,3
940,941,2.27136407435878,0.8497982364370048,-0.5727636849132176,1.8791143028126867,2,2,1,0,3,3,0
941,942,-0.22160388900317227,1.8669855029143623,-0.4098798397863818,0.4627967285058846,3,2,0,3,2,3,3
942,943,1.889176401805918,-0.4833358242415185,2.315086782376502,1.3333333333333333,5,1,1,0,3,0,2
943,944,0.0,0.0,0.5335844440632207,0.0,9,1,0,3,3,3,3
944,945,1.4360512326364454,0.23733373187864298,-0.19759679572763683,0.12248154797526424,8,1,0,2,3,3,3
945,946,-0.047508201336032826,0.4271409355851144,-0.5447263017356475,-0.10891681627767805,9,3,0,3,3,3,3
946,947,-0.22517674826499792,0.7093110147959947,0.15353805073431245,-0.4296828246558947,0,2,1,3,3,3,3
